{
	"credit": "Made with Blockbench",
	"textures": {
		"0": "block/blast_furnace_front",
		"1": "block/blast_furnace_front_on",
		"2": "block/blast_furnace_side",
		"3": "block/blast_furnace_top",
		"particle": "block/blast_furnace_front"
	},
	"elements": [
		{
			"from": [0, 0, 0],
			"to": [16, 16, 16],
			"faces": {
				"north": {"uv": [0, 0, 16, 16], "texture": "#1"},
				"east": {"uv": [0, 0, 16, 16], "texture": "#2"},
				"south": {"uv": [0, 0, 16, 16], "texture": "#2"},
				"west": {"uv": [0, 0, 16, 16], "texture": "#2"},
				"up": {"uv": [0, 0, 16, 16], "texture": "#3"},
				"down": {"uv": [0, 0, 16, 16], "texture": "#3"}
			}
		},
		{
			"from": [-1, 1, 1],
			"to": [0, 7, 15],
			"faces": {
				"north": {"uv": [1, 9, 2, 15], "texture": "#2"},
				"east": {"uv": [0, 0, 14, 6], "texture": "#2"},
				"south": {"uv": [14, 9, 15, 15], "texture": "#2"},
				"west": {"uv": [1, 9, 15, 15], "texture": "#2"},
				"up": {"uv": [1, 9, 15, 10], "texture": "#2"},
				"down": {"uv": [1, 14, 2, 15], "texture": "#2"}
			}
		},
		{
			"from": [1, 1, 16],
			"to": [15, 7, 17],
			"faces": {
				"north": {"uv": [1, 9, 2, 15], "texture": "#2"},
				"east": {"uv": [14, 9, 15, 15], "texture": "#2"},
				"south": {"uv": [1, 9, 15, 15], "texture": "#2"},
				"west": {"uv": [1, 9, 2, 15], "texture": "#2"},
				"up": {"uv": [1, 9, 15, 10], "texture": "#2"},
				"down": {"uv": [1, 14, 2, 15], "texture": "#2"}
			}
		},
		{
			"from": [16, 1, 1],
			"to": [17, 7, 15],
			"faces": {
				"north": {"uv": [1, 9, 2, 15], "texture": "#2"},
				"east": {"uv": [1, 9, 15, 15], "texture": "#2"},
				"south": {"uv": [14, 9, 15, 15], "texture": "#2"},
				"west": {"uv": [1, 9, 15, 15], "texture": "#2"},
				"up": {"uv": [1, 9, 15, 10], "texture": "#2"},
				"down": {"uv": [1, 14, 2, 15], "texture": "#2"}
			}
		},
		{
			"from": [4, 3, -1],
			"to": [12, 4, 0],
			"faces": {
				"north": {"uv": [4, 12, 12, 13], "texture": "#1"},
				"east": {"uv": [4, 11, 5, 13], "texture": "#0"},
				"south": {"uv": [4, 11, 12, 13], "texture": "#0"},
				"west": {"uv": [11, 11, 12, 13], "texture": "#0"},
				"up": {"uv": [4, 11, 12, 12], "texture": "#0"},
				"down": {"uv": [4, 12, 12, 13], "texture": "#0"}
			}
		},
		{
			"from": [10, 4, -1],
			"to": [12, 9, 0],
			"faces": {
				"north": {"uv": [4, 7, 6, 12], "texture": "#1"},
				"east": {"uv": [4, 7, 5, 11], "texture": "#0"},
				"south": {"uv": [0, 0, 2, 4], "texture": "#0"},
				"west": {"uv": [5, 7, 6, 11], "texture": "#0"},
				"up": {"uv": [4, 7, 6, 8], "texture": "#0"},
				"down": {"uv": [0, 0, 2, 1], "texture": "#0"}
			}
		},
		{
			"from": [4, 8, -1],
			"to": [10, 9, 0],
			"faces": {
				"north": {"uv": [6, 7, 12, 8], "texture": "#1"},
				"east": {"uv": [6, 7, 7, 8], "texture": "#0"},
				"south": {"uv": [6, 7, 12, 8], "texture": "#0"},
				"west": {"uv": [11, 7, 12, 8], "texture": "#0"},
				"up": {"uv": [6, 7, 12, 8], "texture": "#0"},
				"down": {"uv": [6, 7, 12, 8], "texture": "#0"}
			}
		},
		{
			"from": [4, 4, -1],
			"to": [5, 8, 0],
			"faces": {
				"north": {"uv": [11, 8, 12, 12], "texture": "#1"},
				"east": {"uv": [0, 0, 1, 3], "texture": "#0"},
				"south": {"uv": [0, 0, 1, 3], "texture": "#0"},
				"west": {"uv": [11, 8, 12, 11], "texture": "#0"},
				"up": {"uv": [0, 0, 1, 1], "texture": "#0"},
				"down": {"uv": [0, 0, 1, 1], "texture": "#0"}
			}
		},
		{
			"from": [6, 4, -1],
			"to": [7, 8, 0],
			"faces": {
				"north": {"uv": [9, 8, 10, 12], "texture": "#1"},
				"east": {"uv": [0, 0, 1, 3], "texture": "#0"},
				"south": {"uv": [0, 0, 1, 3], "texture": "#0"},
				"west": {"uv": [9, 8, 10, 11], "texture": "#0"},
				"up": {"uv": [0, 0, 1, 1], "texture": "#0"},
				"down": {"uv": [0, 0, 1, 1], "texture": "#0"}
			}
		},
		{
			"from": [8, 4, -1],
			"to": [9, 8, 0],
			"faces": {
				"north": {"uv": [7, 8, 8, 12], "texture": "#1"},
				"east": {"uv": [0, 0, 1, 3], "texture": "#0"},
				"south": {"uv": [0, 0, 1, 3], "texture": "#0"},
				"west": {"uv": [7, 8, 8, 11], "texture": "#0"},
				"up": {"uv": [0, 0, 1, 1], "texture": "#0"},
				"down": {"uv": [0, 0, 1, 1], "texture": "#0"}
			}
		},
		{
			"from": [12, 4, -1],
			"to": [14, 7, 0],
			"faces": {
				"north": {"uv": [2, 9, 4, 12], "texture": "#1"},
				"east": {"uv": [2, 9, 3, 12], "texture": "#0"},
				"south": {"uv": [2, 9, 4, 12], "texture": "#0"},
				"west": {"uv": [3, 9, 4, 12], "texture": "#0"},
				"up": {"uv": [2, 9, 4, 10], "texture": "#0"},
				"down": {"uv": [2, 11, 4, 12], "texture": "#0"}
			}
		},
		{
			"from": [1, 1, -1],
			"to": [3, 7, 0],
			"faces": {
				"north": {"uv": [13, 9, 15, 15], "texture": "#1"},
				"east": {"uv": [13, 9, 14, 15], "texture": "#0"},
				"south": {"uv": [13, 9, 15, 15], "texture": "#0"},
				"west": {"uv": [14, 9, 15, 15], "texture": "#0"},
				"up": {"uv": [13, 9, 15, 10], "texture": "#0"},
				"down": {"uv": [13, 14, 15, 15], "texture": "#0"}
			}
		},
		{
			"from": [3, 1, -1],
			"to": [13, 2, 0],
			"faces": {
				"north": {"uv": [3, 14, 13, 15], "texture": "#1"},
				"east": {"uv": [0, 0, 1, 1], "texture": "#0"},
				"south": {"uv": [3, 14, 13, 15], "texture": "#0"},
				"west": {"uv": [12, 14, 13, 15], "texture": "#0"},
				"up": {"uv": [3, 14, 13, 15], "texture": "#0"},
				"down": {"uv": [3, 14, 13, 15], "texture": "#0"}
			}
		},
		{
			"from": [13, 1, -1],
			"to": [15, 4, 0],
			"faces": {
				"north": {"uv": [1, 12, 3, 15], "texture": "#1"},
				"east": {"uv": [1, 12, 2, 15], "texture": "#0"},
				"south": {"uv": [1, 12, 3, 15], "texture": "#0"},
				"west": {"uv": [2, 12, 3, 15], "texture": "#0"},
				"up": {"uv": [1, 12, 3, 13], "texture": "#0"},
				"down": {"uv": [1, 14, 3, 15], "texture": "#0"}
			}
		},
		{
			"from": [14, 4, -1],
			"to": [15, 7, 0],
			"faces": {
				"north": {"uv": [1, 9, 2, 12], "texture": "#1"},
				"east": {"uv": [1, 9, 2, 12], "texture": "#0"},
				"south": {"uv": [1, 9, 2, 12], "texture": "#0"},
				"west": {"uv": [1, 9, 2, 12], "texture": "#0"},
				"up": {"uv": [1, 9, 2, 10], "texture": "#0"},
				"down": {"uv": [1, 11, 2, 12], "texture": "#0"}
			}
		}
	]
}