{
	"credit": "Made with Blockbench",
	"parent": "minecraft:block/cube_column",
	"textures": {
		"1": "block/oak_planks",
		"particle": "block/oak_planks",
		"side": "block/bookshelf"
	},
	"elements": [
		{
			"from": [1, 1, 1],
			"to": [15, 15, 15],
			"faces": {
				"north": {"uv": [1, 1, 15, 15], "texture": "#side"},
				"east": {"uv": [1, 1, 15, 15], "texture": "#side"},
				"south": {"uv": [1, 1, 15, 15], "texture": "#side"},
				"west": {"uv": [1, 1, 15, 15], "texture": "#side"},
				"up": {"uv": [0, 0, 14, 14], "texture": "#1"},
				"down": {"uv": [0, 0, 14, 14], "texture": "#1"}
			}
		},
		{
			"from": [0, 1, 0],
			"to": [1, 15, 1],
			"faces": {
				"north": {"uv": [0, 1, 1, 15], "texture": "#side"},
				"east": {"uv": [0, 1, 1, 15], "texture": "#side"},
				"south": {"uv": [0, 1, 1, 15], "texture": "#side"},
				"west": {"uv": [0, 1, 1, 15], "texture": "#side"},
				"up": {"uv": [0, 1, 1, 0], "texture": "#1"},
				"down": {"uv": [0, 1, 1, 0], "texture": "#1"}
			}
		},
		{
			"from": [0, 1, 15],
			"to": [1, 15, 16],
			"faces": {
				"north": {"uv": [0, 1, 1, 15], "texture": "#side"},
				"east": {"uv": [0, 1, 1, 15], "texture": "#side"},
				"south": {"uv": [0, 1, 1, 15], "texture": "#side"},
				"west": {"uv": [0, 1, 1, 15], "texture": "#side"},
				"up": {"uv": [0, 15, 1, 16], "texture": "#1"},
				"down": {"uv": [0, 1, 1, 0], "texture": "#1"}
			}
		},
		{
			"from": [15, 1, 15],
			"to": [16, 15, 16],
			"faces": {
				"north": {"uv": [0, 1, 1, 15], "texture": "#side"},
				"east": {"uv": [0, 1, 1, 15], "texture": "#side"},
				"south": {"uv": [0, 1, 1, 15], "texture": "#side"},
				"west": {"uv": [0, 1, 1, 15], "texture": "#side"},
				"up": {"uv": [15, 14, 16, 15], "texture": "#1"},
				"down": {"uv": [0, 1, 1, 0], "texture": "#1"}
			}
		},
		{
			"from": [15, 1, 0],
			"to": [16, 15, 1],
			"faces": {
				"north": {"uv": [0, 1, 1, 15], "texture": "#side"},
				"east": {"uv": [0, 1, 1, 15], "texture": "#side"},
				"south": {"uv": [0, 1, 1, 15], "texture": "#side"},
				"west": {"uv": [0, 1, 1, 15], "texture": "#side"},
				"up": {"uv": [15, 14, 16, 15], "texture": "#1"},
				"down": {"uv": [0, 14, 1, 15], "texture": "#1"}
			}
		},
		{
			"from": [0, 7, 1],
			"to": [1, 9, 15],
			"rotation": {"angle": 0, "axis": "y", "origin": [0.5, 8, 8]},
			"faces": {
				"north": {"uv": [0, 0, 1, 2], "texture": "#side"},
				"east": {"uv": [1, 7, 15, 9], "texture": "#side"},
				"south": {"uv": [0, 0, 1, 2], "texture": "#side"},
				"west": {"uv": [1, 7, 15, 9], "texture": "#side"},
				"up": {"uv": [0, 0, 1, 14], "texture": "#side"},
				"down": {"uv": [0, 0, 1, 14], "texture": "#side"}
			}
		},
		{
			"from": [15, 7, 1],
			"to": [16, 9, 15],
			"rotation": {"angle": 0, "axis": "y", "origin": [0.5, 8, 8]},
			"faces": {
				"north": {"uv": [0, 0, 1, 2], "texture": "#side"},
				"east": {"uv": [1, 7, 15, 9], "texture": "#side"},
				"south": {"uv": [0, 0, 1, 2], "texture": "#side"},
				"west": {"uv": [1, 7, 15, 9], "texture": "#side"},
				"up": {"uv": [0, 0, 1, 14], "texture": "#side"},
				"down": {"uv": [0, 0, 1, 14], "texture": "#side"}
			}
		},
		{
			"from": [1, 7, 15],
			"to": [15, 9, 16],
			"rotation": {"angle": 0, "axis": "y", "origin": [15.5, 8, 8]},
			"faces": {
				"north": {"uv": [1, 7, 15, 9], "texture": "#side"},
				"east": {"uv": [0, 0, 1, 2], "texture": "#side"},
				"south": {"uv": [1, 7, 15, 9], "texture": "#side"},
				"west": {"uv": [0, 0, 1, 2], "texture": "#side"},
				"up": {"uv": [0, 0, 1, 14], "rotation": 90, "texture": "#side"},
				"down": {"uv": [0, 0, 1, 14], "rotation": 270, "texture": "#side"}
			}
		},
		{
			"from": [1, 7, 0],
			"to": [15, 9, 1],
			"rotation": {"angle": 0, "axis": "y", "origin": [15.5, 8, 8]},
			"faces": {
				"north": {"uv": [1, 7, 15, 9], "texture": "#side"},
				"east": {"uv": [0, 0, 1, 2], "texture": "#side"},
				"south": {"uv": [1, 7, 15, 9], "texture": "#side"},
				"west": {"uv": [0, 0, 1, 2], "texture": "#side"},
				"up": {"uv": [0, 0, 1, 14], "rotation": 90, "texture": "#side"},
				"down": {"uv": [0, 0, 1, 14], "rotation": 270, "texture": "#side"}
			}
		},
		{
			"from": [8, 1, 0],
			"to": [15, 4, 1],
			"faces": {
				"north": {"uv": [1, 12, 8, 15], "texture": "#side"},
				"east": {"uv": [0, 0, 1, 3], "texture": "#side"},
				"south": {"uv": [1, 12, 15, 15], "texture": "#side"},
				"west": {"uv": [7, 12, 8, 15], "texture": "#side"},
				"up": {"uv": [0, 0, 14, 1], "texture": "#side"},
				"down": {"uv": [0, 0, 14, 1], "texture": "#side"}
			}
		},
		{
			"from": [8, 4, 0],
			"to": [15, 5, 1],
			"faces": {
				"north": {"uv": [1, 11, 8, 12], "texture": "#side"},
				"east": {"uv": [0, 0, 1, 3], "texture": "#side"},
				"south": {"uv": [1, 12, 15, 15], "texture": "#side"},
				"west": {"uv": [0, 0, 1, 3], "texture": "#side"},
				"up": {"uv": [3, 11, 4, 12], "texture": "#side"},
				"down": {"uv": [0, 0, 14, 1], "texture": "#side"}
			}
		},
		{
			"from": [8, 5, 0],
			"to": [12, 6, 1],
			"faces": {
				"north": {"uv": [4, 10, 8, 11], "texture": "#side"},
				"east": {"uv": [4, 10, 5, 11], "texture": "#side"},
				"south": {"uv": [1, 12, 15, 15], "texture": "#side"},
				"west": {"uv": [0, 0, 1, 3], "texture": "#side"},
				"up": {"uv": [4, 10, 6, 11], "texture": "#side"},
				"down": {"uv": [0, 0, 14, 1], "texture": "#side"}
			}
		},
		{
			"from": [13, 5, 0],
			"to": [15, 6, 1],
			"faces": {
				"north": {"uv": [1, 10, 3, 11], "texture": "#side"},
				"east": {"uv": [0, 0, 1, 3], "texture": "#side"},
				"south": {"uv": [1, 12, 15, 15], "texture": "#side"},
				"west": {"uv": [2, 10, 3, 11], "texture": "#side"},
				"up": {"uv": [1, 10, 3, 11], "texture": "#side"},
				"down": {"uv": [0, 0, 14, 1], "texture": "#side"}
			}
		},
		{
			"from": [8, 6, 0],
			"to": [10, 7, 1],
			"faces": {
				"north": {"uv": [6, 9, 8, 10], "texture": "#side"},
				"east": {"uv": [6, 9, 7, 10], "texture": "#side"},
				"south": {"uv": [1, 12, 15, 15], "texture": "#side"},
				"west": {"uv": [7, 9, 8, 10], "texture": "#side"},
				"up": {"uv": [6, 9, 8, 10], "texture": "#side"},
				"down": {"uv": [0, 0, 14, 1], "texture": "#side"}
			}
		},
		{
			"from": [1, 1, 0],
			"to": [7, 4, 1],
			"faces": {
				"north": {"uv": [9, 12, 15, 15], "texture": "#side"},
				"east": {"uv": [9, 12, 10, 15], "texture": "#side"},
				"south": {"uv": [9, 12, 15, 15], "texture": "#side"},
				"west": {"uv": [0, 0, 1, 3], "texture": "#side"},
				"up": {"uv": [15, 12, 9, 13], "texture": "#side"},
				"down": {"uv": [0, 0, 6, 1], "texture": "#side"}
			}
		},
		{
			"from": [1, 4, 0],
			"to": [5, 5, 1],
			"faces": {
				"north": {"uv": [11, 11, 15, 12], "texture": "#side"},
				"east": {"uv": [11, 11, 12, 12], "texture": "#side"},
				"south": {"uv": [9, 12, 15, 15], "texture": "#side"},
				"west": {"uv": [0, 0, 1, 3], "texture": "#side"},
				"up": {"uv": [15, 11, 11, 12], "texture": "#side"},
				"down": {"uv": [11, 11, 15, 12], "texture": "#side"}
			}
		},
		{
			"from": [3, 5, 0],
			"to": [5, 6, 1],
			"faces": {
				"north": {"uv": [11, 10, 13, 11], "texture": "#side"},
				"east": {"uv": [11, 10, 12, 11], "texture": "#side"},
				"south": {"uv": [9, 12, 15, 15], "texture": "#side"},
				"west": {"uv": [12, 10, 13, 11], "texture": "#side"},
				"up": {"uv": [13, 10, 11, 11], "texture": "#side"},
				"down": {"uv": [11, 11, 15, 12], "texture": "#side"}
			}
		},
		{
			"from": [6, 4, 0],
			"to": [8, 5, 1],
			"faces": {
				"north": {"uv": [8, 11, 10, 12], "texture": "#side"},
				"east": {"uv": [11, 10, 12, 11], "texture": "#side"},
				"south": {"uv": [9, 12, 15, 15], "texture": "#side"},
				"west": {"uv": [9, 11, 10, 12], "texture": "#side"},
				"up": {"uv": [10, 11, 8, 12], "texture": "#side"},
				"down": {"uv": [8, 11, 10, 12], "texture": "#side"}
			}
		},
		{
			"from": [7, 3, 0],
			"to": [8, 4, 1],
			"faces": {
				"north": {"uv": [8, 12, 9, 13], "texture": "#side"},
				"east": {"uv": [8, 12, 9, 13], "texture": "#side"},
				"south": {"uv": [8, 12, 9, 13], "texture": "#side"},
				"west": {"uv": [8, 12, 9, 13], "texture": "#side"},
				"up": {"uv": [8, 12, 9, 13], "texture": "#side"},
				"down": {"uv": [8, 12, 9, 13], "texture": "#side"}
			}
		},
		{
			"from": [7, 5, 0],
			"to": [8, 6, 1],
			"faces": {
				"north": {"uv": [8, 10, 9, 11], "texture": "#side"},
				"east": {"uv": [8, 10, 9, 11], "texture": "#side"},
				"south": {"uv": [8, 10, 9, 11], "texture": "#side"},
				"west": {"uv": [8, 10, 9, 11], "texture": "#side"},
				"up": {"uv": [8, 10, 9, 11], "texture": "#side"},
				"down": {"uv": [8, 10, 9, 11], "texture": "#side"}
			}
		},
		{
			"from": [1, 9, 0],
			"to": [7, 13, 1],
			"faces": {
				"north": {"uv": [9, 3, 15, 7], "texture": "#side"},
				"east": {"uv": [9, 3, 10, 7], "texture": "#side"},
				"south": {"uv": [9, 3, 15, 7], "texture": "#side"},
				"west": {"uv": [0, 0, 1, 4], "texture": "#side"},
				"up": {"uv": [15, 3, 9, 4], "texture": "#side"},
				"down": {"uv": [0, 0, 6, 1], "texture": "#side"}
			}
		},
		{
			"from": [2, 13, 0],
			"to": [4, 15, 1],
			"faces": {
				"north": {"uv": [12, 1, 14, 3], "texture": "#side"},
				"east": {"uv": [12, 1, 13, 3], "texture": "#side"},
				"south": {"uv": [0, 0, 2, 2], "texture": "#side"},
				"west": {"uv": [13, 1, 14, 3], "texture": "#side"},
				"up": {"uv": [0, 0, 2, 1], "texture": "#side"},
				"down": {"uv": [0, 0, 2, 1], "texture": "#side"}
			}
		},
		{
			"from": [5, 13, 0],
			"to": [7, 14, 1],
			"faces": {
				"north": {"uv": [9, 2, 11, 3], "texture": "#side"},
				"east": {"uv": [9, 2, 10, 3], "texture": "#side"},
				"south": {"uv": [0, 0, 2, 2], "texture": "#side"},
				"west": {"uv": [10, 2, 11, 3], "texture": "#side"},
				"up": {"uv": [9, 2, 11, 3], "texture": "#side"},
				"down": {"uv": [0, 0, 2, 1], "texture": "#side"}
			}
		},
		{
			"from": [10, 13, 0],
			"to": [12, 14, 1],
			"faces": {
				"north": {"uv": [4, 2, 6, 3], "texture": "#side"},
				"east": {"uv": [4, 2, 5, 3], "texture": "#side"},
				"south": {"uv": [0, 0, 2, 2], "texture": "#side"},
				"west": {"uv": [5, 2, 6, 3], "texture": "#side"},
				"up": {"uv": [4, 2, 6, 3], "texture": "#side"},
				"down": {"uv": [0, 0, 2, 1], "texture": "#side"}
			}
		},
		{
			"from": [10, 9, 0],
			"to": [15, 13, 1],
			"faces": {
				"north": {"uv": [1, 3, 6, 7], "texture": "#side"},
				"east": {"uv": [0, 0, 1, 4], "texture": "#side"},
				"south": {"uv": [1, 3, 6, 7], "texture": "#side"},
				"west": {"uv": [5, 3, 6, 7], "texture": "#side"},
				"up": {"uv": [6, 3, 1, 4], "texture": "#side"},
				"down": {"uv": [0, 0, 5, 1], "texture": "#side"}
			}
		},
		{
			"from": [9, 9, 0],
			"to": [10, 12, 1],
			"faces": {
				"north": {"uv": [6, 4, 7, 7], "texture": "#side"},
				"east": {"uv": [6, 4, 7, 7], "texture": "#side"},
				"south": {"uv": [6, 4, 7, 7], "texture": "#side"},
				"west": {"uv": [6, 4, 7, 7], "texture": "#side"},
				"up": {"uv": [6, 4, 7, 5], "texture": "#side"},
				"down": {"uv": [6, 4, 7, 5], "texture": "#side"}
			}
		},
		{
			"from": [7, 10, 0],
			"to": [8, 13, 1],
			"faces": {
				"north": {"uv": [8, 3, 9, 6], "texture": "#side"},
				"east": {"uv": [8, 3, 9, 6], "texture": "#side"},
				"south": {"uv": [8, 3, 9, 6], "texture": "#side"},
				"west": {"uv": [8, 3, 9, 6], "texture": "#side"},
				"up": {"uv": [8, 3, 9, 4], "texture": "#side"},
				"down": {"uv": [8, 5, 9, 6], "texture": "#side"}
			}
		},
		{
			"from": [8, 9, 0],
			"to": [9, 11, 1],
			"faces": {
				"north": {"uv": [7, 5, 8, 7], "texture": "#side"},
				"east": {"uv": [7, 5, 8, 7], "texture": "#side"},
				"south": {"uv": [7, 5, 8, 7], "texture": "#side"},
				"west": {"uv": [7, 5, 8, 7], "texture": "#side"},
				"up": {"uv": [7, 5, 8, 6], "texture": "#side"},
				"down": {"uv": [7, 5, 8, 6], "texture": "#side"}
			}
		},
		{
			"from": [0, 1, 9],
			"to": [1, 4, 15],
			"rotation": {"angle": 0, "axis": "y", "origin": [8.5, 8.25, 0.5]},
			"faces": {
				"north": {"uv": [9, 12, 10, 15], "texture": "#side"},
				"east": {"uv": [9, 12, 15, 15], "texture": "#side"},
				"south": {"uv": [0, 0, 1, 3], "texture": "#side"},
				"west": {"uv": [9, 12, 15, 15], "texture": "#side"},
				"up": {"uv": [15, 12, 9, 13], "rotation": 270, "texture": "#side"},
				"down": {"uv": [0, 0, 6, 1], "rotation": 90, "texture": "#side"}
			}
		},
		{
			"from": [0, 4, 11],
			"to": [1, 5, 15],
			"rotation": {"angle": 0, "axis": "y", "origin": [8.5, 8.25, 0.5]},
			"faces": {
				"north": {"uv": [11, 11, 12, 12], "texture": "#side"},
				"east": {"uv": [9, 12, 15, 15], "texture": "#side"},
				"south": {"uv": [0, 0, 1, 3], "texture": "#side"},
				"west": {"uv": [11, 11, 15, 12], "texture": "#side"},
				"up": {"uv": [15, 11, 11, 12], "rotation": 270, "texture": "#side"},
				"down": {"uv": [11, 11, 15, 12], "rotation": 90, "texture": "#side"}
			}
		},
		{
			"from": [0, 5, 11],
			"to": [1, 6, 13],
			"rotation": {"angle": 0, "axis": "y", "origin": [8.5, 8.25, 0.5]},
			"faces": {
				"north": {"uv": [11, 10, 12, 11], "texture": "#side"},
				"east": {"uv": [9, 12, 15, 15], "texture": "#side"},
				"south": {"uv": [12, 10, 13, 11], "texture": "#side"},
				"west": {"uv": [11, 10, 13, 11], "texture": "#side"},
				"up": {"uv": [13, 10, 11, 11], "rotation": 270, "texture": "#side"},
				"down": {"uv": [11, 11, 15, 12], "rotation": 90, "texture": "#side"}
			}
		},
		{
			"from": [0, 4, 8],
			"to": [1, 5, 10],
			"rotation": {"angle": 0, "axis": "y", "origin": [8.5, 8.25, 0.5]},
			"faces": {
				"north": {"uv": [11, 10, 12, 11], "texture": "#side"},
				"east": {"uv": [9, 12, 15, 15], "texture": "#side"},
				"south": {"uv": [9, 11, 10, 12], "texture": "#side"},
				"west": {"uv": [8, 11, 10, 12], "texture": "#side"},
				"up": {"uv": [10, 11, 8, 12], "rotation": 270, "texture": "#side"},
				"down": {"uv": [8, 11, 10, 12], "rotation": 90, "texture": "#side"}
			}
		},
		{
			"from": [0, 5, 8],
			"to": [1, 6, 9],
			"rotation": {"angle": 0, "axis": "y", "origin": [8.5, 8.25, 0.5]},
			"faces": {
				"north": {"uv": [8, 10, 9, 11], "texture": "#side"},
				"east": {"uv": [8, 10, 9, 11], "texture": "#side"},
				"south": {"uv": [8, 10, 9, 11], "texture": "#side"},
				"west": {"uv": [8, 10, 9, 11], "texture": "#side"},
				"up": {"uv": [8, 10, 9, 11], "rotation": 270, "texture": "#side"},
				"down": {"uv": [8, 10, 9, 11], "rotation": 90, "texture": "#side"}
			}
		},
		{
			"from": [0, 6, 6],
			"to": [1, 7, 8],
			"rotation": {"angle": 0, "axis": "y", "origin": [8.5, 8.25, 0.5]},
			"faces": {
				"north": {"uv": [6, 9, 7, 10], "texture": "#side"},
				"east": {"uv": [1, 12, 15, 15], "texture": "#side"},
				"south": {"uv": [7, 9, 8, 10], "texture": "#side"},
				"west": {"uv": [6, 9, 8, 10], "texture": "#side"},
				"up": {"uv": [6, 9, 8, 10], "rotation": 270, "texture": "#side"},
				"down": {"uv": [0, 0, 14, 1], "rotation": 90, "texture": "#side"}
			}
		},
		{
			"from": [0, 5, 4],
			"to": [1, 6, 8],
			"rotation": {"angle": 0, "axis": "y", "origin": [8.5, 8.25, 0.5]},
			"faces": {
				"north": {"uv": [4, 10, 5, 11], "texture": "#side"},
				"east": {"uv": [1, 12, 15, 15], "texture": "#side"},
				"south": {"uv": [0, 0, 1, 3], "texture": "#side"},
				"west": {"uv": [4, 10, 8, 11], "texture": "#side"},
				"up": {"uv": [4, 10, 6, 11], "rotation": 270, "texture": "#side"},
				"down": {"uv": [0, 0, 14, 1], "rotation": 90, "texture": "#side"}
			}
		},
		{
			"from": [0, 1, 1],
			"to": [1, 4, 8],
			"rotation": {"angle": 0, "axis": "y", "origin": [8.5, 8.25, 0.5]},
			"faces": {
				"north": {"uv": [0, 0, 1, 3], "texture": "#side"},
				"east": {"uv": [1, 12, 15, 15], "texture": "#side"},
				"south": {"uv": [7, 12, 8, 15], "texture": "#side"},
				"west": {"uv": [1, 12, 8, 15], "texture": "#side"},
				"up": {"uv": [0, 0, 14, 1], "rotation": 270, "texture": "#side"},
				"down": {"uv": [0, 0, 14, 1], "rotation": 90, "texture": "#side"}
			}
		},
		{
			"from": [0, 5, 1],
			"to": [1, 6, 3],
			"rotation": {"angle": 0, "axis": "y", "origin": [8.5, 8.25, 0.5]},
			"faces": {
				"north": {"uv": [0, 0, 1, 3], "texture": "#side"},
				"east": {"uv": [1, 12, 15, 15], "texture": "#side"},
				"south": {"uv": [2, 10, 3, 11], "texture": "#side"},
				"west": {"uv": [1, 10, 3, 11], "texture": "#side"},
				"up": {"uv": [1, 10, 3, 11], "rotation": 270, "texture": "#side"},
				"down": {"uv": [0, 0, 14, 1], "rotation": 90, "texture": "#side"}
			}
		},
		{
			"from": [0, 4, 1],
			"to": [1, 5, 8],
			"rotation": {"angle": 0, "axis": "y", "origin": [8.5, 8.25, 0.5]},
			"faces": {
				"north": {"uv": [0, 0, 1, 3], "texture": "#side"},
				"east": {"uv": [1, 12, 15, 15], "texture": "#side"},
				"south": {"uv": [0, 0, 1, 3], "texture": "#side"},
				"west": {"uv": [1, 11, 8, 12], "texture": "#side"},
				"up": {"uv": [3, 11, 4, 12], "rotation": 270, "texture": "#side"},
				"down": {"uv": [0, 0, 14, 1], "rotation": 90, "texture": "#side"}
			}
		},
		{
			"from": [0, 9, 1],
			"to": [1, 13, 6],
			"rotation": {"angle": 0, "axis": "y", "origin": [8.5, 8.25, 0.5]},
			"faces": {
				"north": {"uv": [0, 0, 1, 4], "texture": "#side"},
				"east": {"uv": [1, 3, 6, 7], "texture": "#side"},
				"south": {"uv": [5, 3, 6, 7], "texture": "#side"},
				"west": {"uv": [1, 3, 6, 7], "texture": "#side"},
				"up": {"uv": [6, 3, 1, 4], "rotation": 270, "texture": "#side"},
				"down": {"uv": [0, 0, 5, 1], "rotation": 90, "texture": "#side"}
			}
		},
		{
			"from": [0, 13, 4],
			"to": [1, 14, 6],
			"rotation": {"angle": 0, "axis": "y", "origin": [8.5, 8.25, 0.5]},
			"faces": {
				"north": {"uv": [4, 2, 5, 3], "texture": "#side"},
				"east": {"uv": [0, 0, 2, 2], "texture": "#side"},
				"south": {"uv": [5, 2, 6, 3], "texture": "#side"},
				"west": {"uv": [4, 2, 6, 3], "texture": "#side"},
				"up": {"uv": [4, 2, 6, 3], "rotation": 270, "texture": "#side"},
				"down": {"uv": [0, 0, 2, 1], "rotation": 90, "texture": "#side"}
			}
		},
		{
			"from": [0, 9, 6],
			"to": [1, 12, 7],
			"rotation": {"angle": 0, "axis": "y", "origin": [8.5, 8.25, 0.5]},
			"faces": {
				"north": {"uv": [6, 4, 7, 7], "texture": "#side"},
				"east": {"uv": [6, 4, 7, 7], "texture": "#side"},
				"south": {"uv": [6, 4, 7, 7], "texture": "#side"},
				"west": {"uv": [6, 4, 7, 7], "texture": "#side"},
				"up": {"uv": [6, 4, 7, 5], "rotation": 270, "texture": "#side"},
				"down": {"uv": [6, 4, 7, 5], "rotation": 90, "texture": "#side"}
			}
		},
		{
			"from": [0, 10, 8],
			"to": [1, 13, 9],
			"rotation": {"angle": 0, "axis": "y", "origin": [8.5, 8.25, 0.5]},
			"faces": {
				"north": {"uv": [8, 3, 9, 6], "texture": "#side"},
				"east": {"uv": [8, 3, 9, 6], "texture": "#side"},
				"south": {"uv": [8, 3, 9, 6], "texture": "#side"},
				"west": {"uv": [8, 3, 9, 6], "texture": "#side"},
				"up": {"uv": [8, 3, 9, 4], "rotation": 270, "texture": "#side"},
				"down": {"uv": [8, 5, 9, 6], "rotation": 90, "texture": "#side"}
			}
		},
		{
			"from": [0, 9, 7],
			"to": [1, 11, 8],
			"rotation": {"angle": 0, "axis": "y", "origin": [8.5, 8.25, 0.5]},
			"faces": {
				"north": {"uv": [7, 5, 8, 7], "texture": "#side"},
				"east": {"uv": [7, 5, 8, 7], "texture": "#side"},
				"south": {"uv": [7, 5, 8, 7], "texture": "#side"},
				"west": {"uv": [7, 5, 8, 7], "texture": "#side"},
				"up": {"uv": [7, 5, 8, 6], "rotation": 270, "texture": "#side"},
				"down": {"uv": [7, 5, 8, 6], "rotation": 90, "texture": "#side"}
			}
		},
		{
			"from": [0, 9, 9],
			"to": [1, 13, 15],
			"rotation": {"angle": 0, "axis": "y", "origin": [8.5, 8.25, 0.5]},
			"faces": {
				"north": {"uv": [9, 3, 10, 7], "texture": "#side"},
				"east": {"uv": [9, 3, 15, 7], "texture": "#side"},
				"south": {"uv": [0, 0, 1, 4], "texture": "#side"},
				"west": {"uv": [9, 3, 15, 7], "texture": "#side"},
				"up": {"uv": [15, 3, 9, 4], "rotation": 270, "texture": "#side"},
				"down": {"uv": [0, 0, 6, 1], "rotation": 90, "texture": "#side"}
			}
		},
		{
			"from": [0, 13, 9],
			"to": [1, 14, 11],
			"rotation": {"angle": 0, "axis": "y", "origin": [8.5, 8.25, 0.5]},
			"faces": {
				"north": {"uv": [9, 2, 10, 3], "texture": "#side"},
				"east": {"uv": [0, 0, 2, 2], "texture": "#side"},
				"south": {"uv": [10, 2, 11, 3], "texture": "#side"},
				"west": {"uv": [9, 2, 11, 3], "texture": "#side"},
				"up": {"uv": [9, 2, 11, 3], "rotation": 270, "texture": "#side"},
				"down": {"uv": [0, 0, 2, 1], "rotation": 90, "texture": "#side"}
			}
		},
		{
			"from": [0, 13, 12],
			"to": [1, 15, 14],
			"rotation": {"angle": 0, "axis": "y", "origin": [8.5, 8.25, 0.5]},
			"faces": {
				"north": {"uv": [12, 1, 13, 3], "texture": "#side"},
				"east": {"uv": [0, 0, 2, 2], "texture": "#side"},
				"south": {"uv": [13, 1, 14, 3], "texture": "#side"},
				"west": {"uv": [12, 1, 14, 3], "texture": "#side"},
				"up": {"uv": [0, 0, 2, 1], "rotation": 270, "texture": "#side"},
				"down": {"uv": [0, 0, 2, 1], "rotation": 90, "texture": "#side"}
			}
		},
		{
			"from": [9, 1, 15],
			"to": [15, 4, 16],
			"rotation": {"angle": 0, "axis": "y", "origin": [0.5, 8.25, 19.5]},
			"faces": {
				"north": {"uv": [9, 12, 15, 15], "texture": "#side"},
				"east": {"uv": [0, 0, 1, 3], "texture": "#side"},
				"south": {"uv": [9, 12, 15, 15], "texture": "#side"},
				"west": {"uv": [9, 12, 10, 15], "texture": "#side"},
				"up": {"uv": [15, 12, 9, 13], "rotation": 180, "texture": "#side"},
				"down": {"uv": [0, 0, 6, 1], "rotation": 180, "texture": "#side"}
			}
		},
		{
			"from": [11, 4, 15],
			"to": [15, 5, 16],
			"rotation": {"angle": 0, "axis": "y", "origin": [0.5, 8.25, 19.5]},
			"faces": {
				"north": {"uv": [9, 12, 15, 15], "texture": "#side"},
				"east": {"uv": [0, 0, 1, 3], "texture": "#side"},
				"south": {"uv": [11, 11, 15, 12], "texture": "#side"},
				"west": {"uv": [11, 11, 12, 12], "texture": "#side"},
				"up": {"uv": [15, 11, 11, 12], "rotation": 180, "texture": "#side"},
				"down": {"uv": [11, 11, 15, 12], "rotation": 180, "texture": "#side"}
			}
		},
		{
			"from": [11, 5, 15],
			"to": [13, 6, 16],
			"rotation": {"angle": 0, "axis": "y", "origin": [0.5, 8.25, 19.5]},
			"faces": {
				"north": {"uv": [9, 12, 15, 15], "texture": "#side"},
				"east": {"uv": [12, 10, 13, 11], "texture": "#side"},
				"south": {"uv": [11, 10, 13, 11], "texture": "#side"},
				"west": {"uv": [11, 10, 12, 11], "texture": "#side"},
				"up": {"uv": [13, 10, 11, 11], "rotation": 180, "texture": "#side"},
				"down": {"uv": [11, 11, 15, 12], "rotation": 180, "texture": "#side"}
			}
		},
		{
			"from": [8, 4, 15],
			"to": [10, 5, 16],
			"rotation": {"angle": 0, "axis": "y", "origin": [0.5, 8.25, 19.5]},
			"faces": {
				"north": {"uv": [9, 12, 15, 15], "texture": "#side"},
				"east": {"uv": [9, 11, 10, 12], "texture": "#side"},
				"south": {"uv": [8, 11, 10, 12], "texture": "#side"},
				"west": {"uv": [11, 10, 12, 11], "texture": "#side"},
				"up": {"uv": [10, 11, 8, 12], "rotation": 180, "texture": "#side"},
				"down": {"uv": [8, 11, 10, 12], "rotation": 180, "texture": "#side"}
			}
		},
		{
			"from": [8, 5, 15],
			"to": [9, 6, 16],
			"rotation": {"angle": 0, "axis": "y", "origin": [0.5, 8.25, 19.5]},
			"faces": {
				"north": {"uv": [8, 10, 9, 11], "texture": "#side"},
				"east": {"uv": [8, 10, 9, 11], "texture": "#side"},
				"south": {"uv": [8, 10, 9, 11], "texture": "#side"},
				"west": {"uv": [8, 10, 9, 11], "texture": "#side"},
				"up": {"uv": [8, 10, 9, 11], "rotation": 180, "texture": "#side"},
				"down": {"uv": [8, 10, 9, 11], "rotation": 180, "texture": "#side"}
			}
		},
		{
			"from": [6, 6, 15],
			"to": [8, 7, 16],
			"rotation": {"angle": 0, "axis": "y", "origin": [0.5, 8.25, 19.5]},
			"faces": {
				"north": {"uv": [1, 12, 15, 15], "texture": "#side"},
				"east": {"uv": [7, 9, 8, 10], "texture": "#side"},
				"south": {"uv": [6, 9, 8, 10], "texture": "#side"},
				"west": {"uv": [6, 9, 7, 10], "texture": "#side"},
				"up": {"uv": [6, 9, 8, 10], "rotation": 180, "texture": "#side"},
				"down": {"uv": [0, 0, 14, 1], "rotation": 180, "texture": "#side"}
			}
		},
		{
			"from": [4, 5, 15],
			"to": [8, 6, 16],
			"rotation": {"angle": 0, "axis": "y", "origin": [0.5, 8.25, 19.5]},
			"faces": {
				"north": {"uv": [1, 12, 15, 15], "texture": "#side"},
				"east": {"uv": [0, 0, 1, 3], "texture": "#side"},
				"south": {"uv": [4, 10, 8, 11], "texture": "#side"},
				"west": {"uv": [4, 10, 5, 11], "texture": "#side"},
				"up": {"uv": [4, 10, 6, 11], "rotation": 180, "texture": "#side"},
				"down": {"uv": [0, 0, 14, 1], "rotation": 180, "texture": "#side"}
			}
		},
		{
			"from": [1, 1, 15],
			"to": [8, 4, 16],
			"rotation": {"angle": 0, "axis": "y", "origin": [0.5, 8.25, 19.5]},
			"faces": {
				"north": {"uv": [1, 12, 15, 15], "texture": "#side"},
				"east": {"uv": [7, 12, 8, 15], "texture": "#side"},
				"south": {"uv": [1, 12, 8, 15], "texture": "#side"},
				"west": {"uv": [0, 0, 1, 3], "texture": "#side"},
				"up": {"uv": [0, 0, 14, 1], "rotation": 180, "texture": "#side"},
				"down": {"uv": [0, 0, 14, 1], "rotation": 180, "texture": "#side"}
			}
		},
		{
			"from": [1, 5, 15],
			"to": [3, 6, 16],
			"rotation": {"angle": 0, "axis": "y", "origin": [0.5, 8.25, 19.5]},
			"faces": {
				"north": {"uv": [1, 12, 15, 15], "texture": "#side"},
				"east": {"uv": [2, 10, 3, 11], "texture": "#side"},
				"south": {"uv": [1, 10, 3, 11], "texture": "#side"},
				"west": {"uv": [0, 0, 1, 3], "texture": "#side"},
				"up": {"uv": [1, 10, 3, 11], "rotation": 180, "texture": "#side"},
				"down": {"uv": [0, 0, 14, 1], "rotation": 180, "texture": "#side"}
			}
		},
		{
			"from": [1, 4, 15],
			"to": [8, 5, 16],
			"rotation": {"angle": 0, "axis": "y", "origin": [0.5, 8.25, 19.5]},
			"faces": {
				"north": {"uv": [1, 12, 15, 15], "texture": "#side"},
				"east": {"uv": [0, 0, 1, 3], "texture": "#side"},
				"south": {"uv": [1, 11, 8, 12], "texture": "#side"},
				"west": {"uv": [0, 0, 1, 3], "texture": "#side"},
				"up": {"uv": [3, 11, 4, 12], "rotation": 180, "texture": "#side"},
				"down": {"uv": [0, 0, 14, 1], "rotation": 180, "texture": "#side"}
			}
		},
		{
			"from": [1, 9, 15],
			"to": [6, 13, 16],
			"rotation": {"angle": 0, "axis": "y", "origin": [0.5, 8.25, 19.5]},
			"faces": {
				"north": {"uv": [1, 3, 6, 7], "texture": "#side"},
				"east": {"uv": [5, 3, 6, 7], "texture": "#side"},
				"south": {"uv": [1, 3, 6, 7], "texture": "#side"},
				"west": {"uv": [0, 0, 1, 4], "texture": "#side"},
				"up": {"uv": [6, 3, 1, 4], "rotation": 180, "texture": "#side"},
				"down": {"uv": [0, 0, 5, 1], "rotation": 180, "texture": "#side"}
			}
		},
		{
			"from": [4, 13, 15],
			"to": [6, 14, 16],
			"rotation": {"angle": 0, "axis": "y", "origin": [0.5, 8.25, 19.5]},
			"faces": {
				"north": {"uv": [0, 0, 2, 2], "texture": "#side"},
				"east": {"uv": [5, 2, 6, 3], "texture": "#side"},
				"south": {"uv": [4, 2, 6, 3], "texture": "#side"},
				"west": {"uv": [4, 2, 5, 3], "texture": "#side"},
				"up": {"uv": [4, 2, 6, 3], "rotation": 180, "texture": "#side"},
				"down": {"uv": [0, 0, 2, 1], "rotation": 180, "texture": "#side"}
			}
		},
		{
			"from": [6, 9, 15],
			"to": [7, 12, 16],
			"rotation": {"angle": 0, "axis": "y", "origin": [0.5, 8.25, 19.5]},
			"faces": {
				"north": {"uv": [6, 4, 7, 7], "texture": "#side"},
				"east": {"uv": [6, 4, 7, 7], "texture": "#side"},
				"south": {"uv": [6, 4, 7, 7], "texture": "#side"},
				"west": {"uv": [6, 4, 7, 7], "texture": "#side"},
				"up": {"uv": [6, 4, 7, 5], "rotation": 180, "texture": "#side"},
				"down": {"uv": [6, 4, 7, 5], "rotation": 180, "texture": "#side"}
			}
		},
		{
			"from": [8, 10, 15],
			"to": [9, 13, 16],
			"rotation": {"angle": 0, "axis": "y", "origin": [0.5, 8.25, 19.5]},
			"faces": {
				"north": {"uv": [8, 3, 9, 6], "texture": "#side"},
				"east": {"uv": [8, 3, 9, 6], "texture": "#side"},
				"south": {"uv": [8, 3, 9, 6], "texture": "#side"},
				"west": {"uv": [8, 3, 9, 6], "texture": "#side"},
				"up": {"uv": [8, 3, 9, 4], "rotation": 180, "texture": "#side"},
				"down": {"uv": [8, 5, 9, 6], "rotation": 180, "texture": "#side"}
			}
		},
		{
			"from": [7, 9, 15],
			"to": [8, 11, 16],
			"rotation": {"angle": 0, "axis": "y", "origin": [0.5, 8.25, 19.5]},
			"faces": {
				"north": {"uv": [7, 5, 8, 7], "texture": "#side"},
				"east": {"uv": [7, 5, 8, 7], "texture": "#side"},
				"south": {"uv": [7, 5, 8, 7], "texture": "#side"},
				"west": {"uv": [7, 5, 8, 7], "texture": "#side"},
				"up": {"uv": [7, 5, 8, 6], "rotation": 180, "texture": "#side"},
				"down": {"uv": [7, 5, 8, 6], "rotation": 180, "texture": "#side"}
			}
		},
		{
			"from": [9, 9, 15],
			"to": [15, 13, 16],
			"rotation": {"angle": 0, "axis": "y", "origin": [0.5, 8.25, 19.5]},
			"faces": {
				"north": {"uv": [9, 3, 15, 7], "texture": "#side"},
				"east": {"uv": [0, 0, 1, 4], "texture": "#side"},
				"south": {"uv": [9, 3, 15, 7], "texture": "#side"},
				"west": {"uv": [9, 3, 10, 7], "texture": "#side"},
				"up": {"uv": [15, 3, 9, 4], "rotation": 180, "texture": "#side"},
				"down": {"uv": [0, 0, 6, 1], "rotation": 180, "texture": "#side"}
			}
		},
		{
			"from": [9, 13, 15],
			"to": [11, 14, 16],
			"rotation": {"angle": 0, "axis": "y", "origin": [0.5, 8.25, 19.5]},
			"faces": {
				"north": {"uv": [0, 0, 2, 2], "texture": "#side"},
				"east": {"uv": [10, 2, 11, 3], "texture": "#side"},
				"south": {"uv": [9, 2, 11, 3], "texture": "#side"},
				"west": {"uv": [9, 2, 10, 3], "texture": "#side"},
				"up": {"uv": [9, 2, 11, 3], "rotation": 180, "texture": "#side"},
				"down": {"uv": [0, 0, 2, 1], "rotation": 180, "texture": "#side"}
			}
		},
		{
			"from": [12, 13, 15],
			"to": [14, 15, 16],
			"rotation": {"angle": 0, "axis": "y", "origin": [0.5, 8.25, 19.5]},
			"faces": {
				"north": {"uv": [0, 0, 2, 2], "texture": "#side"},
				"east": {"uv": [13, 1, 14, 3], "texture": "#side"},
				"south": {"uv": [12, 1, 14, 3], "texture": "#side"},
				"west": {"uv": [12, 1, 13, 3], "texture": "#side"},
				"up": {"uv": [0, 0, 2, 1], "rotation": 180, "texture": "#side"},
				"down": {"uv": [0, 0, 2, 1], "rotation": 180, "texture": "#side"}
			}
		},
		{
			"from": [15, 1, 1],
			"to": [16, 4, 7],
			"rotation": {"angle": 0, "axis": "y", "origin": [7.5, 8.25, 15.5]},
			"faces": {
				"north": {"uv": [0, 0, 1, 3], "texture": "#side"},
				"east": {"uv": [9, 12, 15, 15], "texture": "#side"},
				"south": {"uv": [9, 12, 10, 15], "texture": "#side"},
				"west": {"uv": [9, 12, 15, 15], "texture": "#side"},
				"up": {"uv": [15, 12, 9, 13], "rotation": 90, "texture": "#side"},
				"down": {"uv": [0, 0, 6, 1], "rotation": 270, "texture": "#side"}
			}
		},
		{
			"from": [15, 4, 1],
			"to": [16, 5, 5],
			"rotation": {"angle": 0, "axis": "y", "origin": [7.5, 8.25, 15.5]},
			"faces": {
				"north": {"uv": [0, 0, 1, 3], "texture": "#side"},
				"east": {"uv": [11, 11, 15, 12], "texture": "#side"},
				"south": {"uv": [11, 11, 12, 12], "texture": "#side"},
				"west": {"uv": [9, 12, 15, 15], "texture": "#side"},
				"up": {"uv": [15, 11, 11, 12], "rotation": 90, "texture": "#side"},
				"down": {"uv": [11, 11, 15, 12], "rotation": 270, "texture": "#side"}
			}
		},
		{
			"from": [15, 5, 3],
			"to": [16, 6, 5],
			"rotation": {"angle": 0, "axis": "y", "origin": [7.5, 8.25, 15.5]},
			"faces": {
				"north": {"uv": [12, 10, 13, 11], "texture": "#side"},
				"east": {"uv": [11, 10, 13, 11], "texture": "#side"},
				"south": {"uv": [11, 10, 12, 11], "texture": "#side"},
				"west": {"uv": [9, 12, 15, 15], "texture": "#side"},
				"up": {"uv": [13, 10, 11, 11], "rotation": 90, "texture": "#side"},
				"down": {"uv": [11, 11, 15, 12], "rotation": 270, "texture": "#side"}
			}
		},
		{
			"from": [15, 4, 6],
			"to": [16, 5, 8],
			"rotation": {"angle": 0, "axis": "y", "origin": [7.5, 8.25, 15.5]},
			"faces": {
				"north": {"uv": [9, 11, 10, 12], "texture": "#side"},
				"east": {"uv": [8, 11, 10, 12], "texture": "#side"},
				"south": {"uv": [11, 10, 12, 11], "texture": "#side"},
				"west": {"uv": [9, 12, 15, 15], "texture": "#side"},
				"up": {"uv": [10, 11, 8, 12], "rotation": 90, "texture": "#side"},
				"down": {"uv": [8, 11, 10, 12], "rotation": 270, "texture": "#side"}
			}
		},
		{
			"from": [15, 3, 7],
			"to": [16, 4, 8],
			"rotation": {"angle": 0, "axis": "y", "origin": [7.5, 8.25, 15.5]},
			"faces": {
				"north": {"uv": [9, 11, 10, 12], "texture": "#side"},
				"east": {"uv": [8, 12, 9, 13], "texture": "#side"},
				"south": {"uv": [11, 10, 12, 11], "texture": "#side"},
				"west": {"uv": [9, 12, 15, 15], "texture": "#side"},
				"up": {"uv": [10, 11, 8, 12], "rotation": 90, "texture": "#side"},
				"down": {"uv": [8, 12, 9, 13], "rotation": 270, "texture": "#side"}
			}
		},
		{
			"from": [0, 3, 8],
			"to": [1, 4, 9],
			"rotation": {"angle": 0, "axis": "y", "origin": [7.5, 8.25, 15.5]},
			"faces": {
				"north": {"uv": [9, 11, 10, 12], "texture": "#side"},
				"east": {"uv": [8, 12, 9, 13], "texture": "#side"},
				"south": {"uv": [11, 10, 12, 11], "texture": "#side"},
				"west": {"uv": [8, 12, 9, 13], "texture": "#side"},
				"up": {"uv": [10, 11, 8, 12], "rotation": 90, "texture": "#side"},
				"down": {"uv": [8, 12, 9, 13], "rotation": 270, "texture": "#side"}
			}
		},
		{
			"from": [8, 3, 15],
			"to": [9, 4, 16],
			"rotation": {"angle": 0, "axis": "y", "origin": [7.5, 8.25, 15.5]},
			"faces": {
				"north": {"uv": [9, 11, 10, 12], "texture": "#side"},
				"east": {"uv": [8, 12, 9, 13], "texture": "#side"},
				"south": {"uv": [8, 12, 9, 13], "texture": "#side"},
				"west": {"uv": [8, 12, 9, 13], "texture": "#side"},
				"up": {"uv": [10, 11, 8, 12], "rotation": 90, "texture": "#side"},
				"down": {"uv": [8, 12, 9, 13], "rotation": 270, "texture": "#side"}
			}
		},
		{
			"from": [15, 5, 7],
			"to": [16, 6, 8],
			"rotation": {"angle": 0, "axis": "y", "origin": [7.5, 8.25, 15.5]},
			"faces": {
				"north": {"uv": [8, 10, 9, 11], "texture": "#side"},
				"east": {"uv": [8, 10, 9, 11], "texture": "#side"},
				"south": {"uv": [8, 10, 9, 11], "texture": "#side"},
				"west": {"uv": [8, 10, 9, 11], "texture": "#side"},
				"up": {"uv": [8, 10, 9, 11], "rotation": 90, "texture": "#side"},
				"down": {"uv": [8, 10, 9, 11], "rotation": 270, "texture": "#side"}
			}
		},
		{
			"from": [15, 6, 8],
			"to": [16, 7, 10],
			"rotation": {"angle": 0, "axis": "y", "origin": [7.5, 8.25, 15.5]},
			"faces": {
				"north": {"uv": [7, 9, 8, 10], "texture": "#side"},
				"east": {"uv": [6, 9, 8, 10], "texture": "#side"},
				"south": {"uv": [6, 9, 7, 10], "texture": "#side"},
				"west": {"uv": [1, 12, 15, 15], "texture": "#side"},
				"up": {"uv": [6, 9, 8, 10], "rotation": 90, "texture": "#side"},
				"down": {"uv": [0, 0, 14, 1], "rotation": 270, "texture": "#side"}
			}
		},
		{
			"from": [15, 5, 8],
			"to": [16, 6, 12],
			"rotation": {"angle": 0, "axis": "y", "origin": [7.5, 8.25, 15.5]},
			"faces": {
				"north": {"uv": [0, 0, 1, 3], "texture": "#side"},
				"east": {"uv": [4, 10, 8, 11], "texture": "#side"},
				"south": {"uv": [4, 10, 5, 11], "texture": "#side"},
				"west": {"uv": [1, 12, 15, 15], "texture": "#side"},
				"up": {"uv": [4, 10, 6, 11], "rotation": 90, "texture": "#side"},
				"down": {"uv": [0, 0, 14, 1], "rotation": 270, "texture": "#side"}
			}
		},
		{
			"from": [15, 1, 8],
			"to": [16, 4, 15],
			"rotation": {"angle": 0, "axis": "y", "origin": [7.5, 8.25, 15.5]},
			"faces": {
				"north": {"uv": [7, 12, 8, 15], "texture": "#side"},
				"east": {"uv": [1, 12, 8, 15], "texture": "#side"},
				"south": {"uv": [0, 0, 1, 3], "texture": "#side"},
				"west": {"uv": [1, 12, 15, 15], "texture": "#side"},
				"up": {"uv": [0, 0, 14, 1], "rotation": 90, "texture": "#side"},
				"down": {"uv": [0, 0, 14, 1], "rotation": 270, "texture": "#side"}
			}
		},
		{
			"from": [15, 5, 13],
			"to": [16, 6, 15],
			"rotation": {"angle": 0, "axis": "y", "origin": [7.5, 8.25, 15.5]},
			"faces": {
				"north": {"uv": [2, 10, 3, 11], "texture": "#side"},
				"east": {"uv": [1, 10, 3, 11], "texture": "#side"},
				"south": {"uv": [0, 0, 1, 3], "texture": "#side"},
				"west": {"uv": [1, 12, 15, 15], "texture": "#side"},
				"up": {"uv": [1, 10, 3, 11], "rotation": 90, "texture": "#side"},
				"down": {"uv": [0, 0, 14, 1], "rotation": 270, "texture": "#side"}
			}
		},
		{
			"from": [15, 4, 8],
			"to": [16, 5, 15],
			"rotation": {"angle": 0, "axis": "y", "origin": [7.5, 8.25, 15.5]},
			"faces": {
				"north": {"uv": [0, 0, 1, 3], "texture": "#side"},
				"east": {"uv": [1, 11, 8, 12], "texture": "#side"},
				"south": {"uv": [0, 0, 1, 3], "texture": "#side"},
				"west": {"uv": [1, 12, 15, 15], "texture": "#side"},
				"up": {"uv": [3, 11, 4, 12], "rotation": 90, "texture": "#side"},
				"down": {"uv": [0, 0, 14, 1], "rotation": 270, "texture": "#side"}
			}
		},
		{
			"from": [15, 9, 10],
			"to": [16, 13, 15],
			"rotation": {"angle": 0, "axis": "y", "origin": [7.5, 8.25, 15.5]},
			"faces": {
				"north": {"uv": [5, 3, 6, 7], "texture": "#side"},
				"east": {"uv": [1, 3, 6, 7], "texture": "#side"},
				"south": {"uv": [0, 0, 1, 4], "texture": "#side"},
				"west": {"uv": [1, 3, 6, 7], "texture": "#side"},
				"up": {"uv": [6, 3, 1, 4], "rotation": 90, "texture": "#side"},
				"down": {"uv": [0, 0, 5, 1], "rotation": 270, "texture": "#side"}
			}
		},
		{
			"from": [15, 13, 10],
			"to": [16, 14, 12],
			"rotation": {"angle": 0, "axis": "y", "origin": [7.5, 8.25, 15.5]},
			"faces": {
				"north": {"uv": [5, 2, 6, 3], "texture": "#side"},
				"east": {"uv": [4, 2, 6, 3], "texture": "#side"},
				"south": {"uv": [4, 2, 5, 3], "texture": "#side"},
				"west": {"uv": [0, 0, 2, 2], "texture": "#side"},
				"up": {"uv": [4, 2, 6, 3], "rotation": 90, "texture": "#side"},
				"down": {"uv": [0, 0, 2, 1], "rotation": 270, "texture": "#side"}
			}
		},
		{
			"from": [15, 9, 9],
			"to": [16, 12, 10],
			"rotation": {"angle": 0, "axis": "y", "origin": [7.5, 8.25, 15.5]},
			"faces": {
				"north": {"uv": [6, 4, 7, 7], "texture": "#side"},
				"east": {"uv": [6, 4, 7, 7], "texture": "#side"},
				"south": {"uv": [6, 4, 7, 7], "texture": "#side"},
				"west": {"uv": [6, 4, 7, 7], "texture": "#side"},
				"up": {"uv": [6, 4, 7, 5], "rotation": 90, "texture": "#side"},
				"down": {"uv": [6, 4, 7, 5], "rotation": 270, "texture": "#side"}
			}
		},
		{
			"from": [15, 10, 7],
			"to": [16, 13, 8],
			"rotation": {"angle": 0, "axis": "y", "origin": [7.5, 8.25, 15.5]},
			"faces": {
				"north": {"uv": [8, 3, 9, 6], "texture": "#side"},
				"east": {"uv": [8, 3, 9, 6], "texture": "#side"},
				"south": {"uv": [8, 3, 9, 6], "texture": "#side"},
				"west": {"uv": [8, 3, 9, 6], "texture": "#side"},
				"up": {"uv": [8, 3, 9, 4], "rotation": 90, "texture": "#side"},
				"down": {"uv": [8, 5, 9, 6], "rotation": 270, "texture": "#side"}
			}
		},
		{
			"from": [15, 9, 8],
			"to": [16, 11, 9],
			"rotation": {"angle": 0, "axis": "y", "origin": [7.5, 8.25, 15.5]},
			"faces": {
				"north": {"uv": [7, 5, 8, 7], "texture": "#side"},
				"east": {"uv": [7, 5, 8, 7], "texture": "#side"},
				"south": {"uv": [7, 5, 8, 7], "texture": "#side"},
				"west": {"uv": [7, 5, 8, 7], "texture": "#side"},
				"up": {"uv": [7, 5, 8, 6], "rotation": 90, "texture": "#side"},
				"down": {"uv": [7, 5, 8, 6], "rotation": 270, "texture": "#side"}
			}
		},
		{
			"from": [15, 9, 1],
			"to": [16, 13, 7],
			"rotation": {"angle": 0, "axis": "y", "origin": [7.5, 8.25, 15.5]},
			"faces": {
				"north": {"uv": [0, 0, 1, 4], "texture": "#side"},
				"east": {"uv": [9, 3, 15, 7], "texture": "#side"},
				"south": {"uv": [9, 3, 10, 7], "texture": "#side"},
				"west": {"uv": [9, 3, 15, 7], "texture": "#side"},
				"up": {"uv": [15, 3, 9, 4], "rotation": 90, "texture": "#side"},
				"down": {"uv": [0, 0, 6, 1], "rotation": 270, "texture": "#side"}
			}
		},
		{
			"from": [15, 13, 5],
			"to": [16, 14, 7],
			"rotation": {"angle": 0, "axis": "y", "origin": [7.5, 8.25, 15.5]},
			"faces": {
				"north": {"uv": [10, 2, 11, 3], "texture": "#side"},
				"east": {"uv": [9, 2, 11, 3], "texture": "#side"},
				"south": {"uv": [9, 2, 10, 3], "texture": "#side"},
				"west": {"uv": [0, 0, 2, 2], "texture": "#side"},
				"up": {"uv": [9, 2, 11, 3], "rotation": 90, "texture": "#side"},
				"down": {"uv": [0, 0, 2, 1], "rotation": 270, "texture": "#side"}
			}
		},
		{
			"from": [15, 13, 2],
			"to": [16, 15, 4],
			"rotation": {"angle": 0, "axis": "y", "origin": [7.5, 8.25, 15.5]},
			"faces": {
				"north": {"uv": [13, 1, 14, 3], "texture": "#side"},
				"east": {"uv": [12, 1, 14, 3], "texture": "#side"},
				"south": {"uv": [12, 1, 13, 3], "texture": "#side"},
				"west": {"uv": [0, 0, 2, 2], "texture": "#side"},
				"up": {"uv": [0, 0, 2, 1], "rotation": 90, "texture": "#side"},
				"down": {"uv": [0, 0, 2, 1], "rotation": 270, "texture": "#side"}
			}
		},
		{
			"from": [0, 0, 0],
			"to": [16, 1, 16],
			"faces": {
				"north": {"uv": [0, 15, 16, 16], "texture": "#side"},
				"east": {"uv": [0, 15, 16, 16], "texture": "#side"},
				"south": {"uv": [0, 15, 16, 16], "texture": "#side"},
				"west": {"uv": [0, 15, 16, 16], "texture": "#side"},
				"up": {"uv": [0, 0, 16, 16], "texture": "#side"},
				"down": {"uv": [0, 0, 16, 16], "texture": "#1"}
			}
		},
		{
			"from": [0, 15, 0],
			"to": [16, 16, 16],
			"faces": {
				"north": {"uv": [0, 0, 16, 1], "texture": "#side"},
				"east": {"uv": [0, 0, 16, 1], "texture": "#side"},
				"south": {"uv": [0, 0, 16, 1], "texture": "#side"},
				"west": {"uv": [0, 0, 16, 1], "texture": "#side"},
				"up": {"uv": [0, 0, 16, 16], "texture": "#1"},
				"down": {"uv": [0, 0, 16, 16], "texture": "#1"}
			}
		}
	]
}