{
	"credit": "Made with Blockbench",
  "parent": "minecraft:block/cube_column",
	"textures": {
		"0": "block/crafting_table_front",
		"1": "block/crafting_table_side",
		"2": "block/crafting_table_top",
		"3": "block/crafting_table_bottom",
		"particle": "block/crafting_table_front"
	},
	"elements": [
		{
			"from": [0, 0, 0],
			"to": [16, 16, 16],
			"faces": {
				"north": {"uv": [0, 0, 16, 16], "texture": "#0"},
				"east": {"uv": [0, 0, 16, 16], "texture": "#1"},
				"south": {"uv": [0, 0, 16, 16], "texture": "#0"},
				"west": {"uv": [0, 0, 16, 16], "texture": "#1"},
				"up": {"uv": [0, 0, 16, 16], "texture": "#2"},
				"down": {"uv": [0, 0, 16, 16], "texture": "#3"}
			}
		},
		{
			"from": [12, 7, -1],
			"to": [13, 11, 0],
			"faces": {
				"north": {"uv": [3, 5, 4, 9], "texture": "#0"},
				"east": {"uv": [3, 5, 4, 9], "texture": "#0"},
				"south": {"uv": [3, 5, 4, 9], "texture": "#0"},
				"west": {"uv": [3, 5, 4, 9], "texture": "#0"},
				"up": {"uv": [3, 5, 4, 6], "texture": "#0"},
				"down": {"uv": [3, 8, 4, 9], "texture": "#0"}
			}
		},
		{
			"from": [11, 5, -1],
			"to": [14, 7, 0],
			"faces": {
				"north": {"uv": [2, 9, 5, 11], "texture": "#0"},
				"east": {"uv": [2, 9, 3, 11], "texture": "#0"},
				"south": {"uv": [2, 9, 4, 10], "texture": "#0"},
				"west": {"uv": [4, 9, 5, 11], "texture": "#0"},
				"up": {"uv": [2, 9, 5, 10], "texture": "#0"},
				"down": {"uv": [5, 10, 2, 11], "texture": "#0"}
			}
		},
		{
			"from": [2, 10, -1],
			"to": [3, 13, 0],
			"faces": {
				"north": {"uv": [13, 3, 14, 6], "texture": "#0"},
				"east": {"uv": [13, 3, 14, 6], "texture": "#0"},
				"south": {"uv": [13, 3, 14, 6], "texture": "#0"},
				"west": {"uv": [13, 3, 14, 6], "texture": "#0"},
				"up": {"uv": [13, 5, 14, 6], "texture": "#0"},
				"down": {"uv": [13, 3, 14, 4], "texture": "#0"}
			}
		},
		{
			"from": [2, 3, -1],
			"to": [3, 10, 0],
			"faces": {
				"north": {"uv": [13, 6, 14, 13], "texture": "#0"},
				"east": {"uv": [13, 6, 14, 12], "texture": "#0"},
				"south": {"uv": [13, 6, 14, 13], "texture": "#0"},
				"west": {"uv": [13, 6, 14, 13], "texture": "#0"},
				"up": {"uv": [13, 6, 14, 7], "texture": "#0"},
				"down": {"uv": [13, 12, 14, 13], "texture": "#0"}
			}
		},
		{
			"from": [3, 5, -1],
			"to": [4, 10, 0],
			"faces": {
				"north": {"uv": [12, 6, 13, 11], "texture": "#0"},
				"east": {"uv": [12, 6, 13, 11], "texture": "#0"},
				"south": {"uv": [12, 6, 13, 11], "texture": "#0"},
				"west": {"uv": [12, 6, 13, 11], "texture": "#0"},
				"up": {"uv": [13, 6, 14, 7], "texture": "#0"},
				"down": {"uv": [12, 10, 13, 11], "texture": "#0"}
			}
		},
		{
			"from": [4, 10, -1],
			"to": [5, 13, 0],
			"faces": {
				"north": {"uv": [13, 3, 14, 6], "texture": "#0"},
				"east": {"uv": [13, 3, 14, 6], "texture": "#0"},
				"south": {"uv": [13, 3, 14, 6], "texture": "#0"},
				"west": {"uv": [13, 3, 14, 6], "texture": "#0"},
				"up": {"uv": [13, 5, 14, 6], "texture": "#0"},
				"down": {"uv": [13, 3, 14, 4], "texture": "#0"}
			}
		},
		{
			"from": [3, 12, -1],
			"to": [4, 13, 0],
			"faces": {
				"north": {"uv": [12, 3, 13, 4], "texture": "#0"},
				"east": {"uv": [13, 3, 14, 6], "texture": "#0"},
				"south": {"uv": [13, 3, 14, 6], "texture": "#0"},
				"west": {"uv": [13, 3, 14, 6], "texture": "#0"},
				"up": {"uv": [13, 5, 14, 6], "texture": "#0"},
				"down": {"uv": [13, 3, 14, 4], "texture": "#0"}
			}
		},
		{
			"from": [3, 10, -1],
			"to": [4, 11, 0],
			"faces": {
				"north": {"uv": [12, 5, 13, 6], "texture": "#0"},
				"east": {"uv": [13, 3, 14, 6], "texture": "#0"},
				"south": {"uv": [13, 3, 14, 6], "texture": "#0"},
				"west": {"uv": [13, 3, 14, 6], "texture": "#0"},
				"up": {"uv": [13, 5, 14, 6], "texture": "#0"},
				"down": {"uv": [13, 3, 14, 4], "texture": "#0"}
			}
		},
		{
			"from": [4, 7, -1],
			"to": [5, 10, 0],
			"faces": {
				"north": {"uv": [11, 6, 12, 9], "texture": "#0"},
				"east": {"uv": [11, 6, 12, 9], "texture": "#0"},
				"south": {"uv": [11, 6, 12, 8], "texture": "#0"},
				"west": {"uv": [11, 6, 12, 8], "texture": "#0"},
				"up": {"uv": [11, 6, 12, 7], "texture": "#0"},
				"down": {"uv": [11, 8, 12, 9], "texture": "#0"}
			}
		},
		{
			"from": [13, 3, 16],
			"to": [14, 10, 17],
			"faces": {
				"north": {"uv": [13, 6, 14, 13], "texture": "#0"},
				"east": {"uv": [13, 6, 14, 13], "texture": "#0"},
				"south": {"uv": [13, 6, 14, 13], "texture": "#0"},
				"west": {"uv": [13, 6, 14, 12], "texture": "#0"},
				"up": {"uv": [13, 6, 14, 7], "rotation": 180, "texture": "#0"},
				"down": {"uv": [13, 12, 14, 13], "rotation": 180, "texture": "#0"}
			}
		},
		{
			"from": [12, 5, 16],
			"to": [13, 10, 17],
			"faces": {
				"north": {"uv": [12, 6, 13, 11], "texture": "#0"},
				"east": {"uv": [12, 6, 13, 11], "texture": "#0"},
				"south": {"uv": [12, 6, 13, 11], "texture": "#0"},
				"west": {"uv": [12, 6, 13, 11], "texture": "#0"},
				"up": {"uv": [13, 6, 14, 7], "rotation": 180, "texture": "#0"},
				"down": {"uv": [12, 10, 13, 11], "rotation": 180, "texture": "#0"}
			}
		},
		{
			"from": [11, 7, 16],
			"to": [12, 10, 17],
			"faces": {
				"north": {"uv": [11, 6, 12, 8], "texture": "#0"},
				"east": {"uv": [11, 6, 12, 8], "texture": "#0"},
				"south": {"uv": [11, 6, 12, 9], "texture": "#0"},
				"west": {"uv": [11, 6, 12, 9], "texture": "#0"},
				"up": {"uv": [11, 6, 12, 7], "rotation": 180, "texture": "#0"},
				"down": {"uv": [11, 8, 12, 9], "rotation": 180, "texture": "#0"}
			}
		},
		{
			"from": [11, 10, 16],
			"to": [12, 13, 17],
			"faces": {
				"north": {"uv": [13, 3, 14, 6], "texture": "#0"},
				"east": {"uv": [13, 3, 14, 6], "texture": "#0"},
				"south": {"uv": [13, 3, 14, 6], "texture": "#0"},
				"west": {"uv": [13, 3, 14, 6], "texture": "#0"},
				"up": {"uv": [13, 5, 14, 6], "rotation": 180, "texture": "#0"},
				"down": {"uv": [13, 3, 14, 4], "rotation": 180, "texture": "#0"}
			}
		},
		{
			"from": [13, 10, 16],
			"to": [14, 13, 17],
			"faces": {
				"north": {"uv": [13, 3, 14, 6], "texture": "#0"},
				"east": {"uv": [13, 3, 14, 6], "texture": "#0"},
				"south": {"uv": [13, 3, 14, 6], "texture": "#0"},
				"west": {"uv": [13, 3, 14, 6], "texture": "#0"},
				"up": {"uv": [13, 5, 14, 6], "rotation": 180, "texture": "#0"},
				"down": {"uv": [13, 3, 14, 4], "rotation": 180, "texture": "#0"}
			}
		},
		{
			"from": [12, 10, 16],
			"to": [13, 11, 17],
			"faces": {
				"north": {"uv": [13, 3, 14, 6], "texture": "#0"},
				"east": {"uv": [13, 3, 14, 6], "texture": "#0"},
				"south": {"uv": [12, 5, 13, 6], "texture": "#0"},
				"west": {"uv": [13, 3, 14, 6], "texture": "#0"},
				"up": {"uv": [13, 5, 14, 6], "rotation": 180, "texture": "#0"},
				"down": {"uv": [13, 3, 14, 4], "rotation": 180, "texture": "#0"}
			}
		},
		{
			"from": [12, 12, 16],
			"to": [13, 13, 17],
			"faces": {
				"north": {"uv": [13, 3, 14, 6], "texture": "#0"},
				"east": {"uv": [13, 3, 14, 6], "texture": "#0"},
				"south": {"uv": [13, 3, 12, 4], "texture": "#0"},
				"west": {"uv": [13, 3, 14, 6], "texture": "#0"},
				"up": {"uv": [13, 5, 14, 6], "rotation": 180, "texture": "#0"},
				"down": {"uv": [13, 3, 14, 4], "rotation": 180, "texture": "#0"}
			}
		},
		{
			"from": [2, 5, 16],
			"to": [5, 7, 17],
			"faces": {
				"north": {"uv": [2, 9, 4, 10], "texture": "#0"},
				"east": {"uv": [4, 9, 5, 11], "texture": "#0"},
				"south": {"uv": [2, 9, 5, 11], "texture": "#0"},
				"west": {"uv": [2, 9, 3, 11], "texture": "#0"},
				"up": {"uv": [2, 9, 5, 10], "rotation": 180, "texture": "#0"},
				"down": {"uv": [5, 10, 2, 11], "rotation": 180, "texture": "#0"}
			}
		},
		{
			"from": [3, 7, 16],
			"to": [4, 11, 17],
			"faces": {
				"north": {"uv": [3, 5, 4, 9], "texture": "#0"},
				"east": {"uv": [3, 5, 4, 9], "texture": "#0"},
				"south": {"uv": [3, 5, 4, 9], "texture": "#0"},
				"west": {"uv": [3, 5, 4, 9], "texture": "#0"},
				"up": {"uv": [3, 5, 4, 6], "rotation": 180, "texture": "#0"},
				"down": {"uv": [3, 8, 4, 9], "rotation": 180, "texture": "#0"}
			}
		},
		{
			"from": [7, 0, -1],
			"to": [9, 14, 0],
			"faces": {
				"north": {"uv": [7, 2, 9, 16], "texture": "#0"},
				"east": {"uv": [7, 2, 8, 16], "texture": "#0"},
				"south": {"uv": [7, 2, 9, 16], "texture": "#0"},
				"west": {"uv": [8, 2, 9, 16], "texture": "#0"},
				"up": {"uv": [7, 2, 9, 3], "texture": "#0"},
				"down": {"uv": [7, 15, 9, 16], "texture": "#0"}
			}
		},
		{
			"from": [6, 14, -1],
			"to": [10, 16, 0],
			"faces": {
				"north": {"uv": [6, 0, 10, 2], "texture": "#0"},
				"east": {"uv": [6, 0, 7, 2], "texture": "#0"},
				"south": {"uv": [6, 0, 10, 2], "texture": "#0"},
				"west": {"uv": [9, 0, 10, 2], "texture": "#0"},
				"up": {"uv": [6, 0, 10, 1], "texture": "#0"},
				"down": {"uv": [6, 1, 10, 2], "texture": "#0"}
			}
		},
		{
			"from": [5, 15, -1],
			"to": [6, 16, 0],
			"faces": {
				"north": {"uv": [10, 0, 11, 1], "texture": "#0"},
				"east": {"uv": [10, 0, 11, 1], "texture": "#0"},
				"south": {"uv": [10, 0, 11, 1], "texture": "#0"},
				"west": {"uv": [10, 0, 11, 1], "texture": "#0"},
				"up": {"uv": [10, 0, 11, 1], "texture": "#0"},
				"down": {"uv": [10, 0, 11, 1], "texture": "#0"}
			}
		},
		{
			"from": [10, 15, -1],
			"to": [11, 16, 0],
			"faces": {
				"north": {"uv": [5, 0, 6, 1], "texture": "#0"},
				"east": {"uv": [5, 0, 6, 1], "texture": "#0"},
				"south": {"uv": [5, 0, 6, 1], "texture": "#0"},
				"west": {"uv": [5, 0, 6, 1], "texture": "#0"},
				"up": {"uv": [5, 0, 6, 1], "texture": "#0"},
				"down": {"uv": [5, 0, 6, 1], "texture": "#0"}
			}
		},
		{
			"from": [-1, 0, 7],
			"to": [0, 14, 9],
			"faces": {
				"north": {"uv": [7, 2, 8, 16], "texture": "#0"},
				"east": {"uv": [7, 2, 9, 16], "texture": "#0"},
				"south": {"uv": [8, 2, 9, 16], "texture": "#0"},
				"west": {"uv": [7, 2, 9, 16], "texture": "#0"},
				"up": {"uv": [7, 2, 9, 3], "rotation": 270, "texture": "#0"},
				"down": {"uv": [7, 15, 9, 16], "rotation": 90, "texture": "#0"}
			}
		},
		{
			"from": [-1, 14, 6],
			"to": [0, 16, 10],
			"faces": {
				"north": {"uv": [6, 0, 7, 2], "texture": "#0"},
				"east": {"uv": [6, 0, 10, 2], "texture": "#0"},
				"south": {"uv": [9, 0, 10, 2], "texture": "#0"},
				"west": {"uv": [6, 0, 10, 2], "texture": "#0"},
				"up": {"uv": [6, 0, 10, 1], "rotation": 270, "texture": "#0"},
				"down": {"uv": [6, 1, 10, 2], "rotation": 90, "texture": "#0"}
			}
		},
		{
			"from": [-1, 15, 5],
			"to": [0, 16, 6],
			"faces": {
				"north": {"uv": [5, 0, 6, 1], "texture": "#0"},
				"east": {"uv": [5, 0, 6, 1], "texture": "#0"},
				"south": {"uv": [5, 0, 6, 1], "texture": "#0"},
				"west": {"uv": [5, 0, 6, 1], "texture": "#0"},
				"up": {"uv": [5, 0, 6, 1], "rotation": 270, "texture": "#0"},
				"down": {"uv": [5, 0, 6, 1], "rotation": 90, "texture": "#0"}
			}
		},
		{
			"from": [-1, 15, 10],
			"to": [0, 16, 11],
			"faces": {
				"north": {"uv": [10, 0, 11, 1], "texture": "#0"},
				"east": {"uv": [10, 0, 11, 1], "texture": "#0"},
				"south": {"uv": [10, 0, 11, 1], "texture": "#0"},
				"west": {"uv": [10, 0, 11, 1], "texture": "#0"},
				"up": {"uv": [10, 0, 11, 1], "rotation": 270, "texture": "#0"},
				"down": {"uv": [10, 0, 11, 1], "rotation": 90, "texture": "#0"}
			}
		},
		{
			"from": [7, 0, 16],
			"to": [9, 14, 17],
			"faces": {
				"north": {"uv": [7, 2, 9, 16], "texture": "#0"},
				"east": {"uv": [8, 2, 9, 16], "texture": "#0"},
				"south": {"uv": [7, 2, 9, 16], "texture": "#0"},
				"west": {"uv": [7, 2, 8, 16], "texture": "#0"},
				"up": {"uv": [7, 2, 9, 3], "rotation": 180, "texture": "#0"},
				"down": {"uv": [7, 15, 9, 16], "rotation": 180, "texture": "#0"}
			}
		},
		{
			"from": [6, 14, 16],
			"to": [10, 16, 17],
			"faces": {
				"north": {"uv": [6, 0, 10, 2], "texture": "#0"},
				"east": {"uv": [9, 0, 10, 2], "texture": "#0"},
				"south": {"uv": [6, 0, 10, 2], "texture": "#0"},
				"west": {"uv": [6, 0, 7, 2], "texture": "#0"},
				"up": {"uv": [6, 0, 10, 1], "rotation": 180, "texture": "#0"},
				"down": {"uv": [6, 1, 10, 2], "rotation": 180, "texture": "#0"}
			}
		},
		{
			"from": [5, 15, 16],
			"to": [6, 16, 17],
			"faces": {
				"north": {"uv": [5, 0, 6, 1], "texture": "#0"},
				"east": {"uv": [5, 0, 6, 1], "texture": "#0"},
				"south": {"uv": [5, 0, 6, 1], "texture": "#0"},
				"west": {"uv": [5, 0, 6, 1], "texture": "#0"},
				"up": {"uv": [5, 0, 6, 1], "rotation": 180, "texture": "#0"},
				"down": {"uv": [5, 0, 6, 1], "rotation": 180, "texture": "#0"}
			}
		},
		{
			"from": [10, 15, 16],
			"to": [11, 16, 17],
			"faces": {
				"north": {"uv": [10, 0, 11, 1], "texture": "#0"},
				"east": {"uv": [10, 0, 11, 1], "texture": "#0"},
				"south": {"uv": [10, 0, 11, 1], "texture": "#0"},
				"west": {"uv": [10, 0, 11, 1], "texture": "#0"},
				"up": {"uv": [10, 0, 11, 1], "rotation": 180, "texture": "#0"},
				"down": {"uv": [10, 0, 11, 1], "rotation": 180, "texture": "#0"}
			}
		},
		{
			"from": [16, 0, 7],
			"to": [17, 14, 9],
			"faces": {
				"north": {"uv": [8, 2, 9, 16], "texture": "#0"},
				"east": {"uv": [7, 2, 9, 16], "texture": "#0"},
				"south": {"uv": [7, 2, 8, 16], "texture": "#0"},
				"west": {"uv": [7, 2, 9, 16], "texture": "#0"},
				"up": {"uv": [7, 2, 9, 3], "rotation": 90, "texture": "#0"},
				"down": {"uv": [7, 15, 9, 16], "rotation": 270, "texture": "#0"}
			}
		},
		{
			"from": [16, 14, 6],
			"to": [17, 16, 10],
			"faces": {
				"north": {"uv": [9, 0, 10, 2], "texture": "#0"},
				"east": {"uv": [6, 0, 10, 2], "texture": "#0"},
				"south": {"uv": [6, 0, 7, 2], "texture": "#0"},
				"west": {"uv": [6, 0, 10, 2], "texture": "#0"},
				"up": {"uv": [6, 0, 10, 1], "rotation": 90, "texture": "#0"},
				"down": {"uv": [6, 1, 10, 2], "rotation": 270, "texture": "#0"}
			}
		},
		{
			"from": [16, 15, 10],
			"to": [17, 16, 11],
			"faces": {
				"north": {"uv": [5, 0, 6, 1], "texture": "#0"},
				"east": {"uv": [5, 0, 6, 1], "texture": "#0"},
				"south": {"uv": [5, 0, 6, 1], "texture": "#0"},
				"west": {"uv": [5, 0, 6, 1], "texture": "#0"},
				"up": {"uv": [5, 0, 6, 1], "rotation": 90, "texture": "#0"},
				"down": {"uv": [5, 0, 6, 1], "rotation": 270, "texture": "#0"}
			}
		},
		{
			"from": [16, 15, 5],
			"to": [17, 16, 6],
			"faces": {
				"north": {"uv": [10, 0, 11, 1], "texture": "#0"},
				"east": {"uv": [10, 0, 11, 1], "texture": "#0"},
				"south": {"uv": [10, 0, 11, 1], "texture": "#0"},
				"west": {"uv": [10, 0, 11, 1], "texture": "#0"},
				"up": {"uv": [10, 0, 11, 1], "rotation": 90, "texture": "#0"},
				"down": {"uv": [10, 0, 11, 1], "rotation": 270, "texture": "#0"}
			}
		},
		{
			"from": [-1, 9, 3],
			"to": [0, 11, 4],
			"faces": {
				"north": {"uv": [3, 5, 4, 7], "texture": "#1"},
				"east": {"uv": [3, 5, 4, 7], "texture": "#1"},
				"south": {"uv": [3, 5, 4, 7], "texture": "#1"},
				"west": {"uv": [3, 5, 4, 7], "texture": "#1"},
				"up": {"uv": [3, 5, 4, 6], "texture": "#1"},
				"down": {"uv": [3, 6, 4, 7], "texture": "#1"}
			}
		},
		{
			"from": [-1, 9, 5],
			"to": [0, 11, 6],
			"faces": {
				"north": {"uv": [3, 5, 4, 7], "texture": "#1"},
				"east": {"uv": [3, 5, 4, 7], "texture": "#1"},
				"south": {"uv": [3, 5, 4, 7], "texture": "#1"},
				"west": {"uv": [3, 5, 4, 7], "texture": "#1"},
				"up": {"uv": [3, 5, 4, 6], "texture": "#1"},
				"down": {"uv": [3, 6, 4, 7], "texture": "#1"}
			}
		},
		{
			"from": [-1, 6, 5],
			"to": [0, 8, 6],
			"faces": {
				"north": {"uv": [5, 8, 6, 10], "texture": "#1"},
				"east": {"uv": [5, 8, 6, 10], "texture": "#1"},
				"south": {"uv": [5, 8, 6, 10], "texture": "#1"},
				"west": {"uv": [5, 8, 6, 10], "texture": "#1"},
				"up": {"uv": [5, 8, 6, 9], "texture": "#1"},
				"down": {"uv": [5, 9, 6, 10], "texture": "#1"}
			}
		},
		{
			"from": [-1, 6, 3],
			"to": [0, 8, 4],
			"faces": {
				"north": {"uv": [5, 8, 6, 10], "texture": "#1"},
				"east": {"uv": [5, 8, 6, 10], "texture": "#1"},
				"south": {"uv": [5, 8, 6, 10], "texture": "#1"},
				"west": {"uv": [5, 8, 6, 10], "texture": "#1"},
				"up": {"uv": [5, 8, 6, 9], "texture": "#1"},
				"down": {"uv": [5, 9, 6, 10], "texture": "#1"}
			}
		},
		{
			"from": [-1, 8, 4],
			"to": [0, 9, 5],
			"faces": {
				"north": {"uv": [4, 7, 5, 8], "texture": "#1"},
				"east": {"uv": [4, 7, 5, 8], "texture": "#1"},
				"south": {"uv": [4, 7, 5, 8], "texture": "#1"},
				"west": {"uv": [4, 7, 5, 8], "texture": "#1"},
				"up": {"uv": [4, 7, 5, 8], "texture": "#1"},
				"down": {"uv": [4, 7, 5, 8], "texture": "#1"}
			}
		},
		{
			"from": [16, 6, 10],
			"to": [17, 8, 11],
			"faces": {
				"north": {"uv": [5, 8, 6, 10], "texture": "#1"},
				"east": {"uv": [5, 8, 6, 10], "texture": "#1"},
				"south": {"uv": [5, 8, 6, 10], "texture": "#1"},
				"west": {"uv": [5, 8, 6, 10], "texture": "#1"},
				"up": {"uv": [5, 8, 6, 9], "rotation": 180, "texture": "#1"},
				"down": {"uv": [5, 9, 6, 10], "rotation": 180, "texture": "#1"}
			}
		},
		{
			"from": [16, 6, 12],
			"to": [17, 8, 13],
			"faces": {
				"north": {"uv": [5, 8, 6, 10], "texture": "#1"},
				"east": {"uv": [5, 8, 6, 10], "texture": "#1"},
				"south": {"uv": [5, 8, 6, 10], "texture": "#1"},
				"west": {"uv": [5, 8, 6, 10], "texture": "#1"},
				"up": {"uv": [5, 8, 6, 9], "rotation": 180, "texture": "#1"},
				"down": {"uv": [5, 9, 6, 10], "rotation": 180, "texture": "#1"}
			}
		},
		{
			"from": [16, 9, 12],
			"to": [17, 11, 13],
			"faces": {
				"north": {"uv": [3, 5, 4, 7], "texture": "#1"},
				"east": {"uv": [3, 5, 4, 7], "texture": "#1"},
				"south": {"uv": [3, 5, 4, 7], "texture": "#1"},
				"west": {"uv": [3, 5, 4, 7], "texture": "#1"},
				"up": {"uv": [3, 5, 4, 6], "rotation": 180, "texture": "#1"},
				"down": {"uv": [3, 6, 4, 7], "rotation": 180, "texture": "#1"}
			}
		},
		{
			"from": [16, 9, 10],
			"to": [17, 11, 11],
			"faces": {
				"north": {"uv": [3, 5, 4, 7], "texture": "#1"},
				"east": {"uv": [3, 5, 4, 7], "texture": "#1"},
				"south": {"uv": [3, 5, 4, 7], "texture": "#1"},
				"west": {"uv": [3, 5, 4, 7], "texture": "#1"},
				"up": {"uv": [3, 5, 4, 6], "rotation": 180, "texture": "#1"},
				"down": {"uv": [3, 6, 4, 7], "rotation": 180, "texture": "#1"}
			}
		},
		{
			"from": [16, 8, 11],
			"to": [17, 9, 12],
			"faces": {
				"north": {"uv": [4, 7, 5, 8], "texture": "#1"},
				"east": {"uv": [4, 7, 5, 8], "texture": "#1"},
				"south": {"uv": [4, 7, 5, 8], "texture": "#1"},
				"west": {"uv": [4, 7, 5, 8], "texture": "#1"},
				"up": {"uv": [4, 7, 5, 8], "rotation": 180, "texture": "#1"},
				"down": {"uv": [4, 7, 5, 8], "rotation": 180, "texture": "#1"}
			}
		}
	],
	"display": {
		"thirdperson_righthand": {
			"rotation": [75, 45, 0],
			"translation": [0, 2.5, 0],
			"scale": [0.375, 0.375, 0.375]
		},
		"thirdperson_lefthand": {
			"rotation": [75, 45, 0],
			"translation": [0, 2.5, 0],
			"scale": [0.375, 0.375, 0.375]
		},
		"firstperson_righthand": {
			"rotation": [0, 45, 0],
			"scale": [0.4, 0.4, 0.4]
		},
		"firstperson_lefthand": {
			"rotation": [0, 225, 0],
			"scale": [0.4, 0.4, 0.4]
		},
		"ground": {
			"translation": [0, 3, 0],
			"scale": [0.25, 0.25, 0.25]
		},
		"gui": {
			"rotation": [30, 225, 0],
			"scale": [0.625, 0.625, 0.625]
		},
		"fixed": {
			"scale": [0.5, 0.5, 0.5]
		}
	}
}