{
	"credit": "Made with Blockbench",
	"textures": {
		"0": "block/enchanting_table_bottom",
		"1": "block/enchanting_table_side",
		"2": "block/enchanting_table_top",
		"particle": "block/enchanting_table_bottom"
	},
	"elements": [
		{
			"from": [1, 0, 1],
			"to": [15, 10, 15],
			"faces": {
				"north": {"uv": [1, 2, 15, 12], "texture": "#0"},
				"east": {"uv": [1, 2, 15, 12], "texture": "#0"},
				"south": {"uv": [1, 3, 15, 13], "texture": "#0"},
				"west": {"uv": [1, 4, 15, 14], "texture": "#0"},
				"up": {"uv": [1, 1, 15, 15], "texture": "#0"}
			}
		},
		{
			"from": [0, 10, 4],
			"to": [16, 11, 12],
			"faces": {
				"north": {"uv": [0, 0, 16, 1], "texture": "#missing"},
				"east": {"uv": [4, 4, 12, 5], "texture": "#1"},
				"south": {"uv": [0, 0, 16, 1], "texture": "#missing"},
				"west": {"uv": [4, 4, 12, 5], "texture": "#1"},
				"up": {"uv": [0, 4, 16, 12], "texture": "#2"},
				"down": {"uv": [0, 0, 16, 6], "texture": "#missing"}
			}
		},
		{
			"from": [15, 9, 4],
			"to": [16, 10, 12],
			"faces": {
				"north": {"uv": [11, 4, 12, 5], "texture": "#1"},
				"east": {"uv": [4, 5, 12, 6], "texture": "#1"},
				"south": {"uv": [4, 4, 5, 5], "texture": "#1"},
				"west": {"uv": [4, 4, 12, 5], "texture": "#1"},
				"up": {"uv": [4, 4, 12, 5], "texture": "#1"},
				"down": {"uv": [4, 4, 12, 5], "texture": "#1"}
			}
		},
		{
			"from": [15, 8, 5],
			"to": [16, 9, 11],
			"faces": {
				"north": {"uv": [10, 6, 11, 7], "texture": "#1"},
				"east": {"uv": [5, 6, 11, 7], "texture": "#1"},
				"south": {"uv": [10, 6, 11, 7], "texture": "#1"},
				"west": {"uv": [5, 6, 11, 7], "texture": "#1"},
				"up": {"uv": [5, 6, 6, 7], "texture": "#1"},
				"down": {"uv": [5, 6, 6, 7], "texture": "#1"}
			}
		},
		{
			"from": [15, 7, 6],
			"to": [16, 8, 10],
			"faces": {
				"north": {"uv": [10, 6, 11, 7], "texture": "#1"},
				"east": {"uv": [6, 7, 10, 8], "texture": "#1"},
				"south": {"uv": [10, 6, 11, 7], "texture": "#1"},
				"west": {"uv": [5, 6, 11, 7], "texture": "#1"},
				"up": {"uv": [5, 6, 6, 7], "texture": "#1"},
				"down": {"uv": [6, 4, 7, 8], "texture": "#1"}
			}
		},
		{
			"from": [15, 6, 7],
			"to": [16, 7, 9],
			"faces": {
				"north": {"uv": [10, 6, 11, 7], "texture": "#1"},
				"east": {"uv": [7, 8, 9, 9], "texture": "#1"},
				"south": {"uv": [10, 6, 11, 7], "texture": "#1"},
				"west": {"uv": [5, 6, 11, 7], "texture": "#1"},
				"up": {"uv": [5, 6, 6, 7], "texture": "#1"},
				"down": {"uv": [7, 8, 9, 9], "texture": "#1"}
			}
		},
		{
			"from": [0, 9, 4],
			"to": [1, 10, 12],
			"faces": {
				"north": {"uv": [11, 4, 12, 5], "texture": "#1"},
				"east": {"uv": [4, 5, 12, 6], "texture": "#1"},
				"south": {"uv": [4, 4, 5, 5], "texture": "#1"},
				"west": {"uv": [4, 5, 12, 6], "texture": "#1"},
				"up": {"uv": [4, 4, 12, 5], "texture": "#1"},
				"down": {"uv": [4, 4, 12, 5], "texture": "#1"}
			}
		},
		{
			"from": [0, 8, 5],
			"to": [1, 9, 11],
			"faces": {
				"north": {"uv": [10, 6, 11, 7], "texture": "#1"},
				"east": {"uv": [5, 6, 11, 7], "texture": "#1"},
				"south": {"uv": [10, 6, 11, 7], "texture": "#1"},
				"west": {"uv": [5, 6, 11, 7], "texture": "#1"},
				"up": {"uv": [5, 6, 6, 7], "texture": "#1"},
				"down": {"uv": [5, 6, 6, 7], "texture": "#1"}
			}
		},
		{
			"from": [0, 7, 6],
			"to": [1, 8, 10],
			"faces": {
				"north": {"uv": [10, 6, 11, 7], "texture": "#1"},
				"east": {"uv": [6, 7, 10, 8], "texture": "#1"},
				"south": {"uv": [10, 6, 11, 7], "texture": "#1"},
				"west": {"uv": [6, 7, 10, 8], "texture": "#1"},
				"up": {"uv": [5, 6, 6, 7], "texture": "#1"},
				"down": {"uv": [6, 4, 7, 8], "texture": "#1"}
			}
		},
		{
			"from": [0, 6, 7],
			"to": [1, 7, 9],
			"faces": {
				"north": {"uv": [10, 6, 11, 7], "texture": "#1"},
				"east": {"uv": [7, 8, 9, 9], "texture": "#1"},
				"south": {"uv": [10, 6, 11, 7], "texture": "#1"},
				"west": {"uv": [7, 8, 9, 9], "texture": "#1"},
				"up": {"uv": [5, 6, 6, 7], "texture": "#1"},
				"down": {"uv": [7, 8, 9, 9], "texture": "#1"}
			}
		},
		{
			"from": [4, 9, 15],
			"to": [12, 10, 16],
			"faces": {
				"north": {"uv": [4, 5, 12, 6], "texture": "#1"},
				"east": {"uv": [4, 4, 5, 5], "texture": "#1"},
				"south": {"uv": [4, 5, 12, 6], "texture": "#1"},
				"west": {"uv": [11, 4, 12, 5], "texture": "#1"},
				"up": {"uv": [4, 4, 12, 5], "rotation": 270, "texture": "#1"},
				"down": {"uv": [4, 4, 12, 5], "rotation": 90, "texture": "#1"}
			}
		},
		{
			"from": [5, 8, 15],
			"to": [11, 9, 16],
			"faces": {
				"north": {"uv": [5, 6, 11, 7], "texture": "#1"},
				"east": {"uv": [10, 6, 11, 7], "texture": "#1"},
				"south": {"uv": [5, 6, 11, 7], "texture": "#1"},
				"west": {"uv": [10, 6, 11, 7], "texture": "#1"},
				"up": {"uv": [5, 6, 6, 7], "rotation": 270, "texture": "#1"},
				"down": {"uv": [5, 6, 6, 7], "rotation": 90, "texture": "#1"}
			}
		},
		{
			"from": [6, 7, 15],
			"to": [10, 8, 16],
			"faces": {
				"north": {"uv": [6, 7, 10, 8], "texture": "#1"},
				"east": {"uv": [10, 6, 11, 7], "texture": "#1"},
				"south": {"uv": [6, 7, 10, 8], "texture": "#1"},
				"west": {"uv": [10, 6, 11, 7], "texture": "#1"},
				"up": {"uv": [5, 6, 6, 7], "rotation": 270, "texture": "#1"},
				"down": {"uv": [6, 4, 7, 8], "rotation": 90, "texture": "#1"}
			}
		},
		{
			"from": [7, 6, 15],
			"to": [9, 7, 16],
			"faces": {
				"north": {"uv": [7, 8, 9, 9], "texture": "#1"},
				"east": {"uv": [10, 6, 11, 7], "texture": "#1"},
				"south": {"uv": [7, 8, 9, 9], "texture": "#1"},
				"west": {"uv": [10, 6, 11, 7], "texture": "#1"},
				"up": {"uv": [5, 6, 6, 7], "rotation": 270, "texture": "#1"},
				"down": {"uv": [7, 8, 9, 9], "rotation": 90, "texture": "#1"}
			}
		},
		{
			"from": [4, 9, 0],
			"to": [12, 10, 1],
			"faces": {
				"north": {"uv": [4, 5, 12, 6], "texture": "#1"},
				"east": {"uv": [4, 4, 5, 5], "texture": "#1"},
				"south": {"uv": [4, 4, 12, 5], "texture": "#1"},
				"west": {"uv": [11, 4, 12, 5], "texture": "#1"},
				"up": {"uv": [4, 4, 12, 5], "rotation": 270, "texture": "#1"},
				"down": {"uv": [4, 4, 12, 5], "rotation": 90, "texture": "#1"}
			}
		},
		{
			"from": [5, 8, 0],
			"to": [11, 9, 1],
			"faces": {
				"north": {"uv": [5, 6, 11, 7], "texture": "#1"},
				"east": {"uv": [10, 6, 11, 7], "texture": "#1"},
				"south": {"uv": [5, 6, 11, 7], "texture": "#1"},
				"west": {"uv": [10, 6, 11, 7], "texture": "#1"},
				"up": {"uv": [5, 6, 6, 7], "rotation": 270, "texture": "#1"},
				"down": {"uv": [5, 6, 6, 7], "rotation": 90, "texture": "#1"}
			}
		},
		{
			"from": [6, 7, 0],
			"to": [10, 8, 1],
			"faces": {
				"north": {"uv": [6, 7, 10, 8], "texture": "#1"},
				"east": {"uv": [10, 6, 11, 7], "texture": "#1"},
				"south": {"uv": [5, 6, 11, 7], "texture": "#1"},
				"west": {"uv": [10, 6, 11, 7], "texture": "#1"},
				"up": {"uv": [5, 6, 6, 7], "rotation": 270, "texture": "#1"},
				"down": {"uv": [6, 4, 7, 8], "rotation": 90, "texture": "#1"}
			}
		},
		{
			"from": [7, 6, 0],
			"to": [9, 7, 1],
			"faces": {
				"north": {"uv": [7, 8, 9, 9], "texture": "#1"},
				"east": {"uv": [10, 6, 11, 7], "texture": "#1"},
				"south": {"uv": [5, 6, 11, 7], "texture": "#1"},
				"west": {"uv": [10, 6, 11, 7], "texture": "#1"},
				"up": {"uv": [5, 6, 6, 7], "rotation": 270, "texture": "#1"},
				"down": {"uv": [7, 8, 9, 9], "rotation": 90, "texture": "#1"}
			}
		},
		{
			"from": [4, 10, 0],
			"to": [12, 11, 4],
			"faces": {
				"north": {"uv": [4, 4, 12, 5], "texture": "#1"},
				"east": {"uv": [0, 0, 4, 1], "texture": "#2"},
				"south": {"uv": [0, 0, 8, 1], "texture": "#2"},
				"west": {"uv": [0, 0, 4, 1], "texture": "#2"},
				"up": {"uv": [4, 0, 12, 4], "texture": "#2"},
				"down": {"uv": [0, 0, 8, 4], "texture": "#2"}
			}
		},
		{
			"from": [4, 10, 12],
			"to": [12, 11, 16],
			"faces": {
				"north": {"uv": [0, 0, 8, 1], "texture": "#2"},
				"east": {"uv": [0, 0, 4, 1], "texture": "#2"},
				"south": {"uv": [4, 4, 12, 5], "texture": "#1"},
				"west": {"uv": [0, 0, 4, 1], "texture": "#2"},
				"up": {"uv": [4, 12, 12, 16], "texture": "#2"},
				"down": {"uv": [0, 0, 8, 4], "texture": "#2"}
			}
		},
		{
			"from": [3, 10, 3],
			"to": [4, 11, 4],
			"faces": {
				"north": {"uv": [3, 3, 4, 4], "texture": "#2"},
				"east": {"uv": [3, 3, 4, 4], "texture": "#2"},
				"south": {"uv": [3, 3, 4, 4], "texture": "#2"},
				"west": {"uv": [3, 3, 4, 4], "texture": "#2"},
				"up": {"uv": [3, 3, 4, 4], "texture": "#2"},
				"down": {"uv": [3, 3, 4, 4], "texture": "#2"}
			}
		},
		{
			"from": [12, 10, 3],
			"to": [13, 11, 4],
			"faces": {
				"north": {"uv": [3, 3, 4, 4], "texture": "#2"},
				"east": {"uv": [3, 3, 4, 4], "texture": "#2"},
				"south": {"uv": [3, 3, 4, 4], "texture": "#2"},
				"west": {"uv": [3, 3, 4, 4], "texture": "#2"},
				"up": {"uv": [3, 3, 4, 4], "texture": "#2"},
				"down": {"uv": [3, 3, 4, 4], "texture": "#2"}
			}
		},
		{
			"from": [12, 10, 12],
			"to": [13, 11, 13],
			"faces": {
				"north": {"uv": [3, 3, 4, 4], "texture": "#2"},
				"east": {"uv": [3, 3, 4, 4], "texture": "#2"},
				"south": {"uv": [3, 3, 4, 4], "texture": "#2"},
				"west": {"uv": [3, 3, 4, 4], "texture": "#2"},
				"up": {"uv": [3, 3, 4, 4], "texture": "#2"},
				"down": {"uv": [3, 3, 4, 4], "texture": "#2"}
			}
		},
		{
			"from": [3, 10, 12],
			"to": [4, 11, 13],
			"faces": {
				"north": {"uv": [3, 3, 4, 4], "texture": "#2"},
				"east": {"uv": [3, 3, 4, 4], "texture": "#2"},
				"south": {"uv": [3, 3, 4, 4], "texture": "#2"},
				"west": {"uv": [3, 3, 4, 4], "texture": "#2"},
				"up": {"uv": [3, 3, 4, 4], "texture": "#2"},
				"down": {"uv": [3, 3, 4, 4], "texture": "#2"}
			}
		},
		{
			"from": [-1, 8, -1],
			"to": [0, 11, 0],
			"faces": {
				"north": {"uv": [15, 5, 16, 8], "texture": "#1"},
				"east": {"uv": [0, 0, 1, 3], "texture": "#missing"},
				"south": {"uv": [0, 0, 1, 3], "texture": "#missing"},
				"west": {"uv": [15, 5, 16, 8], "texture": "#1"},
				"up": {"uv": [0, 0, 1, 1], "texture": "#2"},
				"down": {"uv": [15, 7, 16, 8], "texture": "#1"}
			}
		},
		{
			"from": [-1, 8, 0],
			"to": [3, 12, 3],
			"faces": {
				"north": {"uv": [15, 4, 16, 5], "texture": "#1"},
				"east": {"uv": [13, 4, 16, 8], "texture": "#1"},
				"south": {"uv": [0, 7, 4, 8], "texture": "#1"},
				"west": {"uv": [13, 4, 16, 8], "texture": "#1"},
				"up": {"uv": [0, 1, 3, 3], "texture": "#2"},
				"down": {"uv": [12, 4, 16, 7], "texture": "#1"}
			}
		},
		{
			"from": [0, 8, -1],
			"to": [3, 12, 0],
			"faces": {
				"north": {"uv": [13, 4, 16, 8], "texture": "#1"},
				"east": {"uv": [15, 4, 16, 8], "texture": "#1"},
				"south": {"uv": [0, 0, 3, 5], "texture": "#missing"},
				"west": {"uv": [15, 4, 16, 5], "texture": "#1"},
				"up": {"uv": [0, 0, 3, 1], "texture": "#2"},
				"down": {"uv": [0, 7, 3, 8], "texture": "#1"}
			}
		},
		{
			"from": [3, 9, -1],
			"to": [4, 12, 3],
			"faces": {
				"north": {"uv": [12, 4, 13, 7], "texture": "#1"},
				"east": {"uv": [0, 4, 4, 7], "texture": "#1"},
				"south": {"uv": [12, 4, 13, 7], "texture": "#1"},
				"west": {"uv": [0, 0, 4, 3], "texture": "#missing"},
				"up": {"uv": [0, 0, 1, 4], "texture": "#2"},
				"down": {"uv": [15, 4, 16, 8], "texture": "#1"}
			}
		},
		{
			"from": [-1, 9, 3],
			"to": [3, 12, 4],
			"faces": {
				"north": {"uv": [0, 0, 4, 4], "texture": "#missing"},
				"east": {"uv": [12, 4, 13, 7], "texture": "#1"},
				"south": {"uv": [0, 4, 4, 7], "texture": "#1"},
				"west": {"uv": [12, 4, 13, 7], "texture": "#1"},
				"up": {"uv": [0, 0, 4, 1], "texture": "#2"},
				"down": {"uv": [0, 7, 4, 8], "texture": "#1"}
			}
		},
		{
			"from": [0, 8, 13],
			"to": [3, 12, 17],
			"faces": {
				"north": {"uv": [13, 4, 16, 8], "texture": "#1"},
				"east": {"uv": [0, 7, 4, 8], "texture": "#1"},
				"south": {"uv": [13, 4, 16, 8], "texture": "#1"},
				"west": {"uv": [15, 4, 16, 5], "texture": "#1"},
				"up": {"uv": [0, 1, 3, 3], "rotation": 270, "texture": "#2"},
				"down": {"uv": [12, 4, 16, 7], "rotation": 90, "texture": "#1"}
			}
		},
		{
			"from": [-1, 8, 16],
			"to": [0, 11, 17],
			"faces": {
				"north": {"uv": [0, 0, 1, 3], "texture": "#missing"},
				"east": {"uv": [0, 0, 1, 3], "texture": "#missing"},
				"south": {"uv": [15, 5, 16, 8], "texture": "#1"},
				"west": {"uv": [15, 5, 16, 8], "texture": "#1"},
				"up": {"uv": [0, 0, 1, 1], "rotation": 270, "texture": "#2"},
				"down": {"uv": [15, 7, 16, 8], "rotation": 90, "texture": "#1"}
			}
		},
		{
			"from": [-1, 8, 13],
			"to": [0, 12, 16],
			"faces": {
				"north": {"uv": [15, 4, 16, 8], "texture": "#1"},
				"east": {"uv": [0, 0, 3, 5], "texture": "#missing"},
				"south": {"uv": [15, 4, 16, 5], "texture": "#1"},
				"west": {"uv": [13, 4, 16, 8], "texture": "#1"},
				"up": {"uv": [0, 0, 3, 1], "rotation": 270, "texture": "#2"},
				"down": {"uv": [0, 7, 3, 8], "rotation": 90, "texture": "#1"}
			}
		},
		{
			"from": [3, 9, 13],
			"to": [4, 12, 17],
			"faces": {
				"north": {"uv": [12, 4, 13, 7], "texture": "#1"},
				"east": {"uv": [0, 4, 4, 7], "texture": "#1"},
				"south": {"uv": [12, 4, 13, 7], "texture": "#1"},
				"west": {"uv": [0, 0, 4, 4], "texture": "#missing"},
				"up": {"uv": [0, 0, 4, 1], "rotation": 270, "texture": "#2"},
				"down": {"uv": [0, 7, 4, 8], "rotation": 90, "texture": "#1"}
			}
		},
		{
			"from": [-1, 9, 12],
			"to": [3, 12, 13],
			"faces": {
				"north": {"uv": [0, 4, 4, 7], "texture": "#1"},
				"east": {"uv": [12, 4, 13, 7], "texture": "#1"},
				"south": {"uv": [0, 0, 4, 3], "texture": "#missing"},
				"west": {"uv": [12, 4, 13, 7], "texture": "#1"},
				"up": {"uv": [0, 0, 1, 4], "rotation": 270, "texture": "#2"},
				"down": {"uv": [15, 4, 16, 8], "rotation": 90, "texture": "#1"}
			}
		},
		{
			"from": [12, 9, 13],
			"to": [13, 12, 17],
			"faces": {
				"north": {"uv": [12, 4, 13, 7], "texture": "#1"},
				"east": {"uv": [0, 0, 4, 3], "texture": "#missing"},
				"south": {"uv": [12, 4, 13, 7], "texture": "#1"},
				"west": {"uv": [0, 4, 4, 7], "texture": "#1"},
				"up": {"uv": [0, 0, 1, 4], "rotation": 180, "texture": "#2"},
				"down": {"uv": [15, 4, 16, 8], "rotation": 180, "texture": "#1"}
			}
		},
		{
			"from": [13, 9, 12],
			"to": [17, 12, 13],
			"faces": {
				"north": {"uv": [0, 4, 4, 7], "texture": "#1"},
				"east": {"uv": [12, 4, 13, 7], "texture": "#1"},
				"south": {"uv": [0, 0, 4, 4], "texture": "#missing"},
				"west": {"uv": [12, 4, 13, 7], "texture": "#1"},
				"up": {"uv": [0, 0, 4, 1], "rotation": 180, "texture": "#2"},
				"down": {"uv": [0, 7, 4, 8], "rotation": 180, "texture": "#1"}
			}
		},
		{
			"from": [13, 8, 16],
			"to": [16, 12, 17],
			"faces": {
				"north": {"uv": [0, 0, 3, 5], "texture": "#missing"},
				"east": {"uv": [15, 4, 16, 5], "texture": "#1"},
				"south": {"uv": [13, 4, 16, 8], "texture": "#1"},
				"west": {"uv": [15, 4, 16, 8], "texture": "#1"},
				"up": {"uv": [0, 0, 3, 1], "rotation": 180, "texture": "#2"},
				"down": {"uv": [0, 7, 3, 8], "rotation": 180, "texture": "#1"}
			}
		},
		{
			"from": [16, 8, 16],
			"to": [17, 11, 17],
			"faces": {
				"north": {"uv": [0, 0, 1, 3], "texture": "#missing"},
				"east": {"uv": [15, 5, 16, 8], "texture": "#1"},
				"south": {"uv": [15, 5, 16, 8], "texture": "#1"},
				"west": {"uv": [0, 0, 1, 3], "texture": "#missing"},
				"up": {"uv": [0, 0, 1, 1], "rotation": 180, "texture": "#2"},
				"down": {"uv": [15, 7, 16, 8], "rotation": 180, "texture": "#1"}
			}
		},
		{
			"from": [13, 8, 13],
			"to": [17, 12, 16],
			"faces": {
				"north": {"uv": [0, 7, 4, 8], "texture": "#1"},
				"east": {"uv": [13, 4, 16, 8], "texture": "#1"},
				"south": {"uv": [15, 4, 16, 5], "texture": "#1"},
				"west": {"uv": [13, 4, 16, 8], "texture": "#1"},
				"up": {"uv": [0, 1, 3, 3], "rotation": 180, "texture": "#2"},
				"down": {"uv": [12, 4, 16, 7], "rotation": 180, "texture": "#1"}
			}
		},
		{
			"from": [13, 9, 3],
			"to": [17, 12, 4],
			"faces": {
				"north": {"uv": [0, 0, 4, 3], "texture": "#missing"},
				"east": {"uv": [12, 4, 13, 7], "texture": "#1"},
				"south": {"uv": [0, 4, 4, 7], "texture": "#1"},
				"west": {"uv": [12, 4, 13, 7], "texture": "#1"},
				"up": {"uv": [0, 0, 1, 4], "rotation": 90, "texture": "#2"},
				"down": {"uv": [15, 4, 16, 8], "rotation": 270, "texture": "#1"}
			}
		},
		{
			"from": [12, 9, -1],
			"to": [13, 12, 3],
			"faces": {
				"north": {"uv": [12, 4, 13, 7], "texture": "#1"},
				"east": {"uv": [0, 0, 4, 4], "texture": "#missing"},
				"south": {"uv": [12, 4, 13, 7], "texture": "#1"},
				"west": {"uv": [0, 4, 4, 7], "texture": "#1"},
				"up": {"uv": [0, 0, 4, 1], "rotation": 90, "texture": "#2"},
				"down": {"uv": [0, 7, 4, 8], "rotation": 270, "texture": "#1"}
			}
		},
		{
			"from": [16, 8, 0],
			"to": [17, 12, 3],
			"faces": {
				"north": {"uv": [15, 4, 16, 5], "texture": "#1"},
				"east": {"uv": [13, 4, 16, 8], "texture": "#1"},
				"south": {"uv": [15, 4, 16, 8], "texture": "#1"},
				"west": {"uv": [0, 0, 3, 5], "texture": "#missing"},
				"up": {"uv": [0, 0, 3, 1], "rotation": 90, "texture": "#2"},
				"down": {"uv": [0, 7, 3, 8], "rotation": 270, "texture": "#1"}
			}
		},
		{
			"from": [16, 8, -1],
			"to": [17, 11, 0],
			"faces": {
				"north": {"uv": [15, 5, 16, 8], "texture": "#1"},
				"east": {"uv": [15, 5, 16, 8], "texture": "#1"},
				"south": {"uv": [0, 0, 1, 3], "texture": "#missing"},
				"west": {"uv": [0, 0, 1, 3], "texture": "#missing"},
				"up": {"uv": [0, 0, 1, 1], "rotation": 90, "texture": "#2"},
				"down": {"uv": [15, 7, 16, 8], "rotation": 270, "texture": "#1"}
			}
		},
		{
			"from": [13, 8, -1],
			"to": [16, 12, 3],
			"faces": {
				"north": {"uv": [13, 4, 16, 8], "texture": "#1"},
				"east": {"uv": [15, 4, 16, 5], "texture": "#1"},
				"south": {"uv": [13, 4, 16, 8], "texture": "#1"},
				"west": {"uv": [0, 7, 4, 8], "texture": "#1"},
				"up": {"uv": [0, 1, 3, 3], "rotation": 90, "texture": "#2"},
				"down": {"uv": [12, 4, 16, 7], "rotation": 270, "texture": "#1"}
			}
		},
		{
			"from": [0, 0, 0],
			"to": [16, 0, 16],
			"faces": {
				"north": {"uv": [0, 0, 16, 0], "texture": "#0"},
				"east": {"uv": [0, 0, 16, 0], "texture": "#0"},
				"south": {"uv": [0, 0, 16, 0], "texture": "#0"},
				"west": {"uv": [0, 0, 16, 0], "texture": "#0"},
				"up": {"uv": [0, 0, 16, 16], "texture": "#0"},
				"down": {"uv": [0, 0, 16, 16], "texture": "#0"}
			}
		}
	],
	"display": {
		"thirdperson_righthand": {
			"rotation": [75, 45, 0],
			"translation": [0, 2.5, 0],
			"scale": [0.375, 0.375, 0.375]
		},
		"thirdperson_lefthand": {
			"rotation": [75, 45, 0],
			"translation": [0, 2.5, 0],
			"scale": [0.375, 0.375, 0.375]
		},
		"firstperson_righthand": {
			"rotation": [0, 45, 0],
			"scale": [0.4, 0.4, 0.4]
		},
		"firstperson_lefthand": {
			"rotation": [0, 225, 0],
			"scale": [0.4, 0.4, 0.4]
		},
		"ground": {
			"translation": [0, 3, 0],
			"scale": [0.25, 0.25, 0.25]
		},
		"gui": {
			"rotation": [30, 225, 0],
			"scale": [0.625, 0.625, 0.625]
		},
		"fixed": {
			"scale": [0.5, 0.5, 0.5]
		}
	}
}