{
	"credit": "Made with Blockbench",
	"parent": "minecraft:block/orientable",
	"textures": {
		"1": "block/furnace_front_on",
		"2": "block/furnace_side",
		"3": "block/furnace_top",
		"particle": "block/furnace_front"
	},
	"elements": [
		{
			"from": [0, 0, 1],
			"to": [16, 16, 16],
			"faces": {
				"north": {"uv": [0, 0, 16, 16], "texture": "#1"},
				"east": {"uv": [0, 0, 15, 16], "texture": "#2"},
				"south": {"uv": [0, 0, 16, 16], "texture": "#2"},
				"west": {"uv": [1, 0, 16, 16], "texture": "#2"},
				"up": {"uv": [0, 1, 16, 16], "texture": "#3"},
				"down": {"uv": [0, 0, 16, 15], "texture": "#3"}
			}
		},
		{
			"from": [0, 0, 0],
			"to": [3, 16, 1],
			"faces": {
				"north": {"uv": [13, 0, 16, 16], "texture": "#1"},
				"east": {"uv": [0, 0, 1, 16], "texture": "#1"},
				"south": {"uv": [0, 0, 3, 16], "texture": "#1"},
				"west": {"uv": [0, 0, 1, 16], "texture": "#1"},
				"up": {"uv": [13, 0, 16, 1], "texture": "#1"},
				"down": {"uv": [0, 0, 3, 1], "texture": "#1"}
			}
		},
		{
			"from": [13, 0, 0],
			"to": [16, 16, 1],
			"faces": {
				"north": {"uv": [0, 0, 3, 16], "texture": "#1"},
				"east": {"uv": [15, 0, 16, 16], "texture": "#2"},
				"south": {"uv": [0, 0, 3, 16], "texture": "#missing"},
				"west": {"uv": [0, 0, 1, 16], "texture": "#2"},
				"up": {"uv": [0, 0, 3, 1], "texture": "#3"},
				"down": {"uv": [0, 0, 3, 1], "texture": "#3"}
			}
		},
		{
			"from": [3, 13, 0],
			"to": [13, 16, 1],
			"faces": {
				"north": {"uv": [3, 0, 13, 3], "texture": "#1"},
				"east": {"uv": [0, 0, 1, 3], "texture": "#1"},
				"south": {"uv": [0, 0, 10, 3], "texture": "#1"},
				"west": {"uv": [0, 0, 1, 3], "texture": "#1"},
				"up": {"uv": [3, 0, 13, 1], "texture": "#1"},
				"down": {"uv": [3, 2, 13, 3], "texture": "#1"}
			}
		},
		{
			"from": [3, 5, 0],
			"to": [13, 9, 1],
			"faces": {
				"north": {"uv": [3, 7, 13, 11], "texture": "#1"},
				"east": {"uv": [0, 0, 1, 3], "texture": "#1"},
				"south": {"uv": [0, 0, 10, 3], "texture": "#1"},
				"west": {"uv": [0, 0, 1, 3], "texture": "#1"},
				"up": {"uv": [3, 0, 13, 1], "texture": "#1"},
				"down": {"uv": [3, 2, 13, 3], "texture": "#1"}
			}
		},
		{
			"from": [3, 12, 0],
			"to": [4, 13, 1],
			"faces": {
				"north": {"uv": [12, 3, 13, 4], "texture": "#1"},
				"east": {"uv": [12, 3, 13, 4], "texture": "#1"},
				"south": {"uv": [12, 3, 13, 4], "texture": "#1"},
				"west": {"uv": [12, 3, 13, 4], "texture": "#1"},
				"up": {"uv": [12, 3, 13, 4], "texture": "#1"},
				"down": {"uv": [12, 3, 13, 4], "texture": "#1"}
			}
		},
		{
			"from": [12, 12, 0],
			"to": [13, 13, 1],
			"faces": {
				"north": {"uv": [3, 3, 4, 4], "texture": "#1"},
				"east": {"uv": [3, 3, 4, 4], "texture": "#1"},
				"south": {"uv": [3, 3, 4, 4], "texture": "#1"},
				"west": {"uv": [12, 3, 13, 4], "texture": "#1"},
				"up": {"uv": [3, 3, 4, 4], "texture": "#1"},
				"down": {"uv": [3, 3, 4, 4], "texture": "#1"}
			}
		},
		{
			"from": [12, 3, -1],
			"to": [13, 5, 1],
			"faces": {
				"north": {"uv": [3, 11, 4, 13], "texture": "#1"},
				"east": {"uv": [3, 11, 4, 13], "texture": "#1"},
				"south": {"uv": [3, 11, 4, 13], "texture": "#1"},
				"west": {"uv": [3, 11, 4, 13], "texture": "#1"},
				"up": {"uv": [3, 11, 4, 12], "texture": "#1"},
				"down": {"uv": [3, 12, 4, 13], "texture": "#1"}
			}
		},
		{
			"from": [3, 3, -1],
			"to": [4, 5, 1],
			"faces": {
				"north": {"uv": [12, 11, 13, 13], "texture": "#1"},
				"east": {"uv": [12, 11, 13, 13], "texture": "#1"},
				"south": {"uv": [12, 11, 13, 13], "texture": "#1"},
				"west": {"uv": [12, 11, 13, 13], "texture": "#1"},
				"up": {"uv": [12, 11, 13, 12], "texture": "#1"},
				"down": {"uv": [12, 12, 13, 13], "texture": "#1"}
			}
		},
		{
			"from": [11, 4, -1],
			"to": [12, 5, 1],
			"faces": {
				"north": {"uv": [4, 11, 5, 12], "texture": "#1"},
				"east": {"uv": [4, 11, 5, 12], "texture": "#1"},
				"south": {"uv": [4, 11, 5, 12], "texture": "#1"},
				"west": {"uv": [4, 11, 5, 12], "texture": "#1"},
				"up": {"uv": [4, 11, 5, 12], "texture": "#1"},
				"down": {"uv": [4, 11, 5, 12], "texture": "#1"}
			}
		},
		{
			"from": [-1, 1, 1],
			"to": [0, 7, 15],
			"faces": {
				"north": {"uv": [1, 9, 2, 15], "texture": "#2"},
				"east": {"uv": [1, 9, 15, 15], "texture": "#2"},
				"south": {"uv": [2, 9, 1, 15], "texture": "#2"},
				"west": {"uv": [1, 9, 15, 15], "texture": "#2"},
				"up": {"uv": [9, 10, 8, 9], "texture": "#2"},
				"down": {"uv": [8, 14, 9, 15], "texture": "#2"}
			}
		},
		{
			"from": [1, 1, 16],
			"to": [15, 7, 17],
			"faces": {
				"north": {"uv": [1, 9, 15, 15], "texture": "#2"},
				"east": {"uv": [1, 9, 2, 15], "texture": "#2"},
				"south": {"uv": [1, 9, 15, 15], "texture": "#2"},
				"west": {"uv": [2, 9, 1, 15], "texture": "#2"},
				"up": {"uv": [9, 10, 8, 9], "rotation": 90, "texture": "#2"},
				"down": {"uv": [8, 14, 9, 15], "rotation": 270, "texture": "#2"}
			}
		},
		{
			"from": [16, 1, 1],
			"to": [17, 7, 15],
			"faces": {
				"north": {"uv": [1, 9, 2, 15], "texture": "#2"},
				"east": {"uv": [1, 9, 15, 15], "texture": "#2"},
				"south": {"uv": [2, 9, 1, 15], "texture": "#2"},
				"west": {"uv": [1, 9, 15, 15], "texture": "#2"},
				"up": {"uv": [9, 10, 8, 9], "texture": "#2"},
				"down": {"uv": [8, 14, 9, 15], "texture": "#2"}
			}
		},
		{
			"from": [1, 1, -1],
			"to": [3, 7, 0],
			"faces": {
				"north": {"uv": [13, 9, 15, 15], "texture": "#1"},
				"east": {"uv": [13, 9, 14, 15], "texture": "#1"},
				"south": {"uv": [0, 0, 2, 6], "texture": "#1"},
				"west": {"uv": [14, 9, 15, 15], "texture": "#1"},
				"up": {"uv": [13, 9, 15, 10], "texture": "#1"},
				"down": {"uv": [13, 14, 15, 15], "texture": "#1"}
			}
		},
		{
			"from": [13, 1, -1],
			"to": [15, 7, 0],
			"faces": {
				"north": {"uv": [1, 9, 3, 15], "texture": "#1"},
				"east": {"uv": [1, 9, 2, 15], "texture": "#1"},
				"south": {"uv": [0, 0, 2, 6], "texture": "#1"},
				"west": {"uv": [2, 9, 3, 15], "texture": "#1"},
				"up": {"uv": [1, 9, 3, 10], "texture": "#1"},
				"down": {"uv": [1, 14, 3, 15], "texture": "#1"}
			}
		},
		{
			"from": [3, 5, -1],
			"to": [13, 7, 0],
			"faces": {
				"north": {"uv": [3, 9, 13, 11], "texture": "#1"},
				"east": {"uv": [3, 9, 4, 11], "texture": "#1"},
				"south": {"uv": [3, 9, 13, 11], "texture": "#1"},
				"west": {"uv": [12, 9, 13, 11], "texture": "#1"},
				"up": {"uv": [3, 9, 13, 10], "texture": "#1"},
				"down": {"uv": [3, 10, 13, 11], "texture": "#1"}
			}
		},
		{
			"from": [3, 0, 0],
			"to": [13, 0, 1],
			"faces": {
				"north": {"uv": [0, 0, 10, 0], "texture": "#3"},
				"east": {"uv": [0, 0, 1, 0], "texture": "#3"},
				"south": {"uv": [0, 0, 10, 0], "texture": "#3"},
				"west": {"uv": [0, 0, 1, 0], "texture": "#3"},
				"up": {"uv": [3, 0, 13, 1], "texture": "#3"},
				"down": {"uv": [3, 0, 13, 1], "texture": "#3"}
			}
		}
	]
}