{
	"credit": "Made with Blockbench",
	"ambientocclusion": false,
	"textures": {
		"0": "block/ladder",
		"particle": "block/ladder"
	},
	"elements": [
		{
			"from": [2, 0, 15],
			"to": [4, 1, 16],
			"faces": {
				"north": {"uv": [12, 15, 14, 16], "texture": "#0"},
				"east": {"uv": [12, 15, 13, 16], "texture": "#0"},
				"south": {"uv": [12, 15, 14, 16], "texture": "#0"},
				"west": {"uv": [13, 15, 14, 16], "texture": "#0"},
				"up": {"uv": [12, 15, 14, 16], "texture": "#0"},
				"down": {"uv": [12, 15, 14, 16], "texture": "#0"}
			}
		},
		{
			"from": [2, 15, 15],
			"to": [4, 16, 16],
			"faces": {
				"north": {"uv": [12, 0, 14, 1], "texture": "#0"},
				"east": {"uv": [12, 0, 13, 1], "texture": "#0"},
				"south": {"uv": [12, 0, 14, 1], "texture": "#0"},
				"west": {"uv": [13, 0, 14, 1], "texture": "#0"},
				"up": {"uv": [14, 0, 12, 1], "texture": "#0"},
				"down": {"uv": [12, 0, 14, 1], "texture": "#0"}
			}
		},
		{
			"from": [12, 15, 15],
			"to": [14, 16, 16],
			"faces": {
				"north": {"uv": [2, 0, 4, 1], "texture": "#0"},
				"east": {"uv": [2, 0, 3, 1], "texture": "#0"},
				"south": {"uv": [2, 0, 4, 1], "texture": "#0"},
				"west": {"uv": [2, 0, 3, 1], "texture": "#0"},
				"up": {"uv": [4, 0, 2, 1], "texture": "#0"},
				"down": {"uv": [2, 0, 4, 1], "texture": "#0"}
			}
		},
		{
			"from": [12, 0, 15],
			"to": [14, 1, 16],
			"faces": {
				"north": {"uv": [2, 15, 4, 16], "texture": "#0"},
				"east": {"uv": [2, 15, 3, 16], "texture": "#0"},
				"south": {"uv": [2, 15, 4, 16], "texture": "#0"},
				"west": {"uv": [3, 15, 4, 16], "texture": "#0"},
				"up": {"uv": [2, 15, 4, 16], "texture": "#0"},
				"down": {"uv": [2, 15, 4, 16], "texture": "#0"}
			}
		},
		{
			"from": [12, 3, 15],
			"to": [14, 5, 16],
			"faces": {
				"north": {"uv": [2, 11, 4, 13], "texture": "#0"},
				"east": {"uv": [2, 11, 3, 13], "texture": "#0"},
				"south": {"uv": [2, 11, 4, 13], "texture": "#0"},
				"west": {"uv": [2, 11, 3, 13], "texture": "#0"},
				"up": {"uv": [2, 11, 4, 12], "texture": "#0"},
				"down": {"uv": [2, 11, 4, 12], "texture": "#0"}
			}
		},
		{
			"from": [2, 3, 15],
			"to": [4, 5, 16],
			"faces": {
				"north": {"uv": [12, 11, 14, 13], "texture": "#0"},
				"east": {"uv": [12, 11, 13, 13], "texture": "#0"},
				"south": {"uv": [12, 11, 14, 13], "texture": "#0"},
				"west": {"uv": [12, 11, 13, 13], "texture": "#0"},
				"up": {"uv": [12, 11, 14, 12], "texture": "#0"},
				"down": {"uv": [12, 11, 14, 12], "texture": "#0"}
			}
		},
		{
			"from": [2, 7, 15],
			"to": [4, 9, 16],
			"faces": {
				"north": {"uv": [12, 7, 14, 9], "texture": "#0"},
				"east": {"uv": [12, 7, 13, 9], "texture": "#0"},
				"south": {"uv": [12, 7, 14, 9], "texture": "#0"},
				"west": {"uv": [12, 7, 13, 9], "texture": "#0"},
				"up": {"uv": [12, 7, 14, 8], "texture": "#0"},
				"down": {"uv": [12, 7, 14, 8], "texture": "#0"}
			}
		},
		{
			"from": [12, 7, 15],
			"to": [14, 9, 16],
			"faces": {
				"north": {"uv": [2, 7, 4, 9], "texture": "#0"},
				"east": {"uv": [2, 7, 3, 9], "texture": "#0"},
				"south": {"uv": [2, 7, 4, 9], "texture": "#0"},
				"west": {"uv": [2, 7, 3, 9], "texture": "#0"},
				"up": {"uv": [2, 7, 4, 8], "texture": "#0"},
				"down": {"uv": [2, 7, 4, 8], "texture": "#0"}
			}
		},
		{
			"from": [12, 11, 15],
			"to": [14, 13, 16],
			"faces": {
				"north": {"uv": [2, 3, 4, 5], "texture": "#0"},
				"east": {"uv": [2, 3, 3, 5], "texture": "#0"},
				"south": {"uv": [2, 3, 4, 5], "texture": "#0"},
				"west": {"uv": [2, 3, 3, 5], "texture": "#0"},
				"up": {"uv": [2, 3, 4, 4], "texture": "#0"},
				"down": {"uv": [2, 3, 4, 4], "texture": "#0"}
			}
		},
		{
			"from": [2, 11, 15],
			"to": [4, 13, 16],
			"faces": {
				"north": {"uv": [12, 3, 14, 5], "texture": "#0"},
				"east": {"uv": [12, 3, 13, 5], "texture": "#0"},
				"south": {"uv": [12, 3, 14, 5], "texture": "#0"},
				"west": {"uv": [12, 3, 13, 5], "texture": "#0"},
				"up": {"uv": [12, 3, 14, 4], "texture": "#0"},
				"down": {"uv": [12, 3, 14, 4], "texture": "#0"}
			}
		},
		{
			"from": [1, 1, 15],
			"to": [15, 3, 16],
			"faces": {
				"north": {"uv": [1, 13, 15, 15], "texture": "#0"},
				"east": {"uv": [1, 13, 2, 15], "texture": "#0"},
				"south": {"uv": [1, 13, 15, 15], "texture": "#0"},
				"west": {"uv": [1, 13, 2, 15], "texture": "#0"},
				"up": {"uv": [15, 13, 1, 14], "texture": "#0"},
				"down": {"uv": [1, 13, 15, 14], "texture": "#0"}
			}
		},
		{
			"from": [1, 5, 15],
			"to": [15, 7, 16],
			"faces": {
				"north": {"uv": [1, 9, 15, 11], "texture": "#0"},
				"east": {"uv": [1, 9, 2, 11], "texture": "#0"},
				"south": {"uv": [1, 9, 15, 11], "texture": "#0"},
				"west": {"uv": [1, 9, 2, 11], "texture": "#0"},
				"up": {"uv": [1, 9, 15, 10], "texture": "#0"},
				"down": {"uv": [1, 9, 15, 10], "texture": "#0"}
			}
		},
		{
			"from": [1, 9, 15],
			"to": [15, 11, 16],
			"faces": {
				"north": {"uv": [1, 5, 15, 7], "texture": "#0"},
				"east": {"uv": [1, 5, 2, 7], "texture": "#0"},
				"south": {"uv": [1, 5, 15, 7], "texture": "#0"},
				"west": {"uv": [1, 5, 2, 7], "texture": "#0"},
				"up": {"uv": [15, 5, 1, 6], "texture": "#0"},
				"down": {"uv": [1, 5, 15, 6], "texture": "#0"}
			}
		},
		{
			"from": [1, 13, 15],
			"to": [15, 15, 16],
			"faces": {
				"north": {"uv": [1, 1, 15, 3], "texture": "#0"},
				"east": {"uv": [1, 1, 2, 3], "texture": "#0"},
				"south": {"uv": [1, 1, 15, 3], "texture": "#0"},
				"west": {"uv": [1, 1, 2, 3], "texture": "#0"},
				"up": {"uv": [15, 1, 1, 2], "texture": "#0"},
				"down": {"uv": [1, 1, 15, 2], "texture": "#0"}
			}
		}
	],
	"display": {
		"thirdperson_righthand": {
			"rotation": [0, 90, 0],
			"translation": [-2.75, 0, -1.5],
			"scale": [0.375, 0.375, 0.375]
		},
		"thirdperson_lefthand": {
			"rotation": [0, 90, 0],
			"translation": [-2.75, 0, -1.5],
			"scale": [0.375, 0.375, 0.375]
		},
		"firstperson_righthand": {
			"rotation": [0, 90, 25],
			"translation": [0, 1.6, 0.8],
			"scale": [0.68, 0.68, 0.68]
		},
		"firstperson_lefthand": {
			"rotation": [0, -90, -25],
			"translation": [10.25, 1.6, 0.8],
			"scale": [0.68, 0.68, 0.68]
		},
		"ground": {
			"translation": [0, 0.5, -1.75],
			"scale": [0.25, 0.25, 0.25]
		},
		"gui": {
			"rotation": [30, -45, 0],
			"translation": [4.25, 2, 0],
			"scale": [0.78, 0.78, 0.78]
		},
		"head": {
			"rotation": [0, 180, 0],
			"translation": [0, 0.25, 0.5]
		},
		"fixed": {
			"translation": [0, 0, -4],
			"scale": [0.5, 0.5, 0.5]
		}
	}
}