{
	"credit": "Made with Blockbench",
	"textures": {
		"0": "block/smoker_bottom",
		"1": "block/smoker_front",
		"3": "block/smoker_side",
		"4": "block/smoker_top",
		"5": "block/smoker_front_on",
		"particle": "block/smoker_bottom"
	},
	"elements": [
		{
			"from": [0, 0, 0],
			"to": [16, 1, 16],
			"faces": {
				"north": {"uv": [0, 15, 16, 16], "texture": "#5"},
				"east": {"uv": [0, 15, 16, 16], "texture": "#3"},
				"south": {"uv": [0, 15, 16, 16], "texture": "#3"},
				"west": {"uv": [0, 15, 16, 16], "texture": "#3"},
				"up": {"uv": [0, 0, 16, 16], "texture": "#0"},
				"down": {"uv": [0, 0, 16, 16], "texture": "#0"}
			}
		},
		{
			"from": [2, 7, 0],
			"to": [14, 8, 1],
			"faces": {
				"north": {"uv": [2, 8, 14, 9], "texture": "#5"},
				"east": {"uv": [2, 8, 14, 9], "texture": "#1"},
				"south": {"uv": [2, 8, 14, 9], "texture": "#1"},
				"west": {"uv": [2, 8, 14, 9], "texture": "#1"},
				"up": {"uv": [2, 8, 14, 9], "texture": "#1"},
				"down": {"uv": [2, 8, 14, 9], "texture": "#1"}
			}
		},
		{
			"from": [1, 1, 1],
			"to": [15, 15, 15],
			"faces": {
				"north": {"uv": [0, 1, 16, 15], "texture": "#5"},
				"east": {"uv": [1, 1, 15, 15], "texture": "#3"},
				"south": {"uv": [1, 1, 15, 15], "texture": "#3"},
				"west": {"uv": [1, 1, 15, 15], "texture": "#3"},
				"up": {"uv": [1, 1, 15, 15], "texture": "#4"},
				"down": {"uv": [0, 0, 16, 15], "texture": "#missing"}
			}
		},
		{
			"from": [0, 15, 0],
			"to": [16, 16, 4],
			"faces": {
				"north": {"uv": [0, 15, 16, 16], "texture": "#5"},
				"east": {"uv": [12, 0, 16, 1], "texture": "#3"},
				"south": {"uv": [0, 15, 16, 16], "texture": "#3"},
				"west": {"uv": [0, 0, 4, 1], "texture": "#3"},
				"up": {"uv": [0, 0, 16, 4], "texture": "#4"},
				"down": {"uv": [0, 0, 16, 16], "texture": "#0"}
			}
		},
		{
			"from": [0, 15, 12],
			"to": [16, 16, 16],
			"faces": {
				"north": {"uv": [0, 15, 16, 16], "texture": "#1"},
				"east": {"uv": [0, 0, 4, 1], "texture": "#3"},
				"south": {"uv": [0, 15, 16, 16], "texture": "#3"},
				"west": {"uv": [12, 0, 16, 1], "texture": "#3"},
				"up": {"uv": [0, 12, 16, 16], "texture": "#4"},
				"down": {"uv": [0, 0, 16, 16], "texture": "#0"}
			}
		},
		{
			"from": [0, 15, 4],
			"to": [4, 16, 12],
			"faces": {
				"north": {"uv": [0, 15, 16, 16], "texture": "#1"},
				"east": {"uv": [0, 15, 16, 16], "texture": "#3"},
				"south": {"uv": [0, 15, 16, 16], "texture": "#3"},
				"west": {"uv": [4, 0, 12, 1], "texture": "#3"},
				"up": {"uv": [0, 4, 4, 12], "texture": "#4"},
				"down": {"uv": [0, 0, 16, 16], "texture": "#0"}
			}
		},
		{
			"from": [12, 15, 4],
			"to": [16, 16, 12],
			"faces": {
				"north": {"uv": [0, 15, 16, 16], "texture": "#1"},
				"east": {"uv": [4, 0, 12, 1], "texture": "#3"},
				"south": {"uv": [0, 15, 16, 16], "texture": "#3"},
				"west": {"uv": [0, 15, 16, 16], "texture": "#3"},
				"up": {"uv": [12, 4, 16, 12], "texture": "#4"},
				"down": {"uv": [0, 0, 16, 16], "texture": "#0"}
			}
		},
		{
			"from": [4, 15, 4],
			"to": [5, 16, 5],
			"faces": {
				"north": {"uv": [4, 4, 5, 5], "texture": "#4"},
				"east": {"uv": [4, 4, 5, 5], "texture": "#4"},
				"south": {"uv": [4, 4, 5, 5], "texture": "#4"},
				"west": {"uv": [4, 4, 5, 5], "texture": "#4"},
				"up": {"uv": [4, 4, 5, 5], "texture": "#4"},
				"down": {"uv": [4, 4, 5, 5], "texture": "#4"}
			}
		},
		{
			"from": [4, 15, 11],
			"to": [5, 16, 12],
			"faces": {
				"north": {"uv": [11, 4, 12, 5], "texture": "#4"},
				"east": {"uv": [11, 4, 12, 5], "texture": "#4"},
				"south": {"uv": [11, 4, 12, 5], "texture": "#4"},
				"west": {"uv": [11, 4, 12, 5], "texture": "#4"},
				"up": {"uv": [11, 4, 12, 5], "texture": "#4"},
				"down": {"uv": [11, 4, 12, 5], "texture": "#4"}
			}
		},
		{
			"from": [11, 15, 11],
			"to": [12, 16, 12],
			"faces": {
				"north": {"uv": [11, 11, 12, 12], "texture": "#4"},
				"east": {"uv": [11, 11, 12, 12], "texture": "#4"},
				"south": {"uv": [11, 11, 12, 12], "texture": "#4"},
				"west": {"uv": [11, 11, 12, 12], "texture": "#4"},
				"up": {"uv": [11, 11, 12, 12], "texture": "#4"},
				"down": {"uv": [11, 11, 12, 12], "texture": "#4"}
			}
		},
		{
			"from": [11, 15, 4],
			"to": [12, 16, 5],
			"faces": {
				"north": {"uv": [4, 11, 5, 12], "texture": "#4"},
				"east": {"uv": [4, 11, 5, 12], "texture": "#4"},
				"south": {"uv": [4, 11, 5, 12], "texture": "#4"},
				"west": {"uv": [4, 11, 5, 12], "texture": "#4"},
				"up": {"uv": [4, 11, 5, 12], "texture": "#4"},
				"down": {"uv": [4, 11, 5, 12], "texture": "#4"}
			}
		},
		{
			"from": [0, 1, 0],
			"to": [2, 15, 2],
			"faces": {
				"north": {"uv": [14, 1, 16, 15], "texture": "#5"},
				"east": {"uv": [14, 1, 15, 15], "texture": "#1"},
				"south": {"uv": [14, 1, 16, 15], "texture": "#1"},
				"west": {"uv": [0, 1, 2, 15], "texture": "#3"},
				"up": {"uv": [14, 1, 16, 2], "texture": "#1"},
				"down": {"uv": [14, 1, 16, 2], "texture": "#1"}
			}
		},
		{
			"from": [14, 1, 0],
			"to": [16, 15, 2],
			"faces": {
				"north": {"uv": [0, 1, 2, 15], "texture": "#5"},
				"east": {"uv": [14, 1, 16, 15], "texture": "#3"},
				"south": {"uv": [0, 1, 2, 15], "texture": "#1"},
				"west": {"uv": [1, 1, 2, 15], "texture": "#1"},
				"up": {"uv": [0, 1, 2, 2], "texture": "#1"},
				"down": {"uv": [0, 1, 2, 2], "texture": "#1"}
			}
		},
		{
			"from": [14, 1, 14],
			"to": [16, 15, 16],
			"faces": {
				"north": {"uv": [0, 1, 2, 15], "texture": "#3"},
				"east": {"uv": [0, 1, 2, 15], "texture": "#3"},
				"south": {"uv": [0, 1, 2, 15], "texture": "#3"},
				"west": {"uv": [1, 1, 2, 15], "texture": "#3"},
				"up": {"uv": [0, 1, 2, 2], "texture": "#3"},
				"down": {"uv": [0, 1, 2, 2], "texture": "#3"}
			}
		},
		{
			"from": [0, 1, 14],
			"to": [2, 15, 16],
			"faces": {
				"north": {"uv": [0, 1, 2, 15], "texture": "#3"},
				"east": {"uv": [0, 1, 2, 15], "texture": "#3"},
				"south": {"uv": [0, 1, 2, 15], "texture": "#3"},
				"west": {"uv": [1, 1, 2, 15], "texture": "#3"},
				"up": {"uv": [0, 1, 2, 2], "texture": "#3"},
				"down": {"uv": [0, 1, 2, 2], "texture": "#3"}
			}
		},
		{
			"from": [2, 13, 0],
			"to": [14, 15, 1],
			"faces": {
				"north": {"uv": [2, 1, 14, 3], "texture": "#5"},
				"east": {"uv": [2, 1, 13, 3], "texture": "#1"},
				"south": {"uv": [2, 1, 14, 3], "texture": "#1"},
				"west": {"uv": [3, 1, 14, 3], "texture": "#1"},
				"up": {"uv": [2, 1, 14, 1], "texture": "#1"},
				"down": {"uv": [2, 2, 14, 3], "texture": "#1"}
			}
		},
		{
			"from": [4, 8, 0],
			"to": [14, 13, 1],
			"faces": {
				"north": {"uv": [2, 3, 12, 8], "texture": "#5"},
				"east": {"uv": [2, 3, 4, 8], "texture": "#1"},
				"south": {"uv": [2, 4, 5, 7], "texture": "#1"},
				"west": {"uv": [4, 3, 5, 8], "texture": "#1"},
				"up": {"uv": [2, 3, 5, 5], "texture": "#1"},
				"down": {"uv": [5, 7, 2, 8], "texture": "#1"}
			}
		},
		{
			"from": [2, 8, 0],
			"to": [4, 13, 1],
			"faces": {
				"north": {"uv": [12, 4, 14, 8], "texture": "#5"},
				"east": {"uv": [12, 4, 13, 8], "texture": "#1"},
				"south": {"uv": [12, 5, 14, 7], "texture": "#1"},
				"west": {"uv": [14, 4, 14, 8], "texture": "#1"},
				"up": {"uv": [12, 4, 14, 5], "texture": "#1"},
				"down": {"uv": [5, 7, 2, 8], "texture": "#1"}
			}
		},
		{
			"from": [0, 4, 2],
			"to": [1, 7, 14],
			"faces": {
				"north": {"uv": [0, 0, 1, 3], "texture": "#3"},
				"east": {"uv": [0, 0, 12, 3], "texture": "#3"},
				"south": {"uv": [0, 0, 1, 3], "texture": "#3"},
				"west": {"uv": [2, 9, 14, 12], "texture": "#3"},
				"up": {"uv": [1, 2, 2, 14], "texture": "#3"},
				"down": {"uv": [0, 0, 1, 12], "texture": "#3"}
			}
		},
		{
			"from": [15, 4, 2],
			"to": [16, 7, 14],
			"faces": {
				"north": {"uv": [0, 0, 1, 3], "texture": "#3"},
				"east": {"uv": [2, 9, 14, 12], "texture": "#3"},
				"south": {"uv": [0, 0, 1, 3], "texture": "#3"},
				"west": {"uv": [2, 9, 14, 12], "texture": "#3"},
				"up": {"uv": [1, 2, 2, 14], "texture": "#3"},
				"down": {"uv": [0, 0, 1, 12], "texture": "#3"}
			}
		},
		{
			"from": [15, 13, 2],
			"to": [16, 15, 14],
			"faces": {
				"north": {"uv": [0, 0, 1, 3], "texture": "#3"},
				"east": {"uv": [2, 1, 14, 3], "texture": "#3"},
				"south": {"uv": [0, 0, 1, 3], "texture": "#3"},
				"west": {"uv": [2, 9, 14, 12], "texture": "#3"},
				"up": {"uv": [1, 2, 2, 14], "texture": "#3"},
				"down": {"uv": [0, 0, 1, 12], "texture": "#3"}
			}
		},
		{
			"from": [0, 13, 2],
			"to": [1, 15, 14],
			"faces": {
				"north": {"uv": [0, 0, 1, 3], "texture": "#3"},
				"east": {"uv": [2, 1, 14, 3], "texture": "#3"},
				"south": {"uv": [0, 0, 1, 3], "texture": "#3"},
				"west": {"uv": [2, 1, 14, 3], "texture": "#3"},
				"up": {"uv": [1, 2, 2, 14], "texture": "#3"},
				"down": {"uv": [0, 0, 1, 12], "texture": "#3"}
			}
		},
		{
			"from": [2, 4, 15],
			"to": [14, 7, 16],
			"faces": {
				"north": {"uv": [0, 0, 1, 3], "texture": "#3"},
				"east": {"uv": [2, 9, 14, 12], "texture": "#3"},
				"south": {"uv": [2, 9, 14, 12], "texture": "#3"},
				"west": {"uv": [2, 9, 14, 12], "texture": "#3"},
				"up": {"uv": [2, 1, 14, 2], "texture": "#3"},
				"down": {"uv": [2, 2, 14, 3], "texture": "#3"}
			}
		},
		{
			"from": [2, 13, 15],
			"to": [14, 15, 16],
			"faces": {
				"north": {"uv": [0, 0, 1, 3], "texture": "#3"},
				"east": {"uv": [2, 9, 14, 12], "texture": "#3"},
				"south": {"uv": [2, 1, 14, 3], "texture": "#3"},
				"west": {"uv": [2, 9, 14, 12], "texture": "#3"},
				"up": {"uv": [2, 1, 14, 2], "texture": "#3"},
				"down": {"uv": [2, 2, 14, 3], "texture": "#3"}
			}
		}
	]
}