{
	"entity.player.attack.crit": {
		"replace": true,
		"sounds": [{
			"name": "entity/player/attack/crit1",
		        "volume": 0.8
		}, {
			"name": "entity/player/attack/crit2",
		        "volume": 0.8
		}]
	},
  	"entity.player.attack.nodamage": {
		"replace": true,
		"sounds": [
	      {
	        "name": "entity/player/attack/fist1",
	        "volume": 0.7
	      },
	      {
	        "name": "entity/player/attack/fist2",
	        "volume": 0.7
	      },
	      {
	        "name": "entity/player/attack/fist3",
	        "volume": 0.7
	      },
	      {
	        "name": "entity/player/attack/sword1",
	        "volume": 0.7
	      },
	      {
	        "name": "entity/player/attack/sword2",
	        "volume": 0.7
	      },
	      {
	        "name": "entity/player/attack/sword3",
	        "volume": 0.7
	      },
	      {
	        "name": "entity/player/attack/sword4",
	        "volume": 0.7
	      },
	      {
	        "name": "entity/player/attack/sword5",
	        "volume": 0.7
	      },
	      {
	        "name": "entity/player/attack/sword6",
	        "volume": 0.7
	      },
	      {
	        "name": "entity/player/attack/sword7",
	        "volume": 0.7
	      },
	      {
	        "name": "entity/player/attack/sword8",
	        "volume": 0.7
	      },
	      {
	        "name": "entity/player/attack/sword9",
	        "volume": 0.7
	      }
	    ],
	    "subtitle": "subtitles.entity.player.attack.weak"
	  },
	  "entity.player.attack.weak": {
		"replace": true,
	        "sounds": [
	      {
	        "name": "entity/player/attack/daggerimpact1",
	        "volume": 0.7
	      },
	      {
	        "name": "entity/player/attack/daggerimpact2",
	        "volume": 0.7
	      },
	      {
	        "name": "entity/player/attack/daggerimpact3",
	        "volume": 0.7
	      }
	    ],
	    "subtitle": "subtitles.entity.player.attack.weak"
	  },
	  "entity.player.attack.strong": {
		"replace": true,
	        "sounds": [
	      {
	        "name": "entity/player/attack/axeimpact1",
	        "volume": 0.7
	      },
	      {
	        "name": "entity/player/attack/axeimpact2",
	        "volume": 0.7
	      },
	      {
	        "name": "entity/player/attack/axeimpact3",
	        "volume": 0.7
	      },
	      {
	        "name": "entity/player/attack/axeimpact4",
	        "volume": 0.7
	      },
	      {
	        "name": "entity/player/attack/axeimpact5",
	        "volume": 0.7
	      }
	    ],
	    "subtitle": "subtitles.entity.player.attack.strong"
	  },
	  "entity.player.attack.sweep": {
		"replace": true,
	        "sounds": [
	      {
	        "name": "entity/player/attack/swordcut1",
	        "volume": 0.7
	      },
	      {
	        "name": "entity/player/attack/swordcut2",
	        "volume": 0.7
	      },
	      {
	        "name": "entity/player/attack/swordcut3",
	        "volume": 0.7
	      },
	      {
	        "name": "entity/player/attack/swordcut4",
	        "volume": 0.7
	      },
	      {
	        "name": "entity/player/attack/swordcut5",
	        "volume": 0.7
	      },
	      {
	        "name": "entity/player/attack/swordcut6",
	        "volume": 0.7
	      },
	      {
	        "name": "entity/player/attack/swordcut7",
	        "volume": 0.7
	      },
	      {
	        "name": "entity/player/attack/swordcut8",
	        "volume": 0.7
	      }
	    ],
	    "subtitle": "subtitles.entity.player.attack.sweep"
	  },
	  "entity.player.attack.knockback": {
		"replace": true,
	        "sounds": [
	      {
	        "name": "entity/player/attack/claymoreknockback1",
	        "volume": 0.7
	      },
	      {
	        "name": "entity/player/attack/claymoreknockback2",
	        "volume": 0.7
	      }
	    ],
	    "subtitle": "subtitles.entity.player.attack.knockback"
	  },
	  "entity.ender_pearl.throw": {
		"replace": true,
	        "sounds": [
	      {
	        "name": "entity/ender_pearl/throw"
	      }
	    ],
	    "subtitle": "subtitles.entity.ender_pearl.throw"
	  },
	  "entity.arrow.shoot": {
		"replace": true,
	        "sounds": [
	      {
	        "name": "entity/arrow/shoot1",
	        "pitch": 0.9
	      },
	      {
	        "name": "entity/arrow/shoot2",
	        "pitch": 0.9
	      },
	      {
	        "name": "entity/arrow/shoot3",
	        "pitch": 0.9
	      }
	    ],
	    "subtitle": "subtitles.entity.arrow.shoot"
	  },
	  "entity.skeleton.shoot": {
		"replace": true,
	        "sounds": [
	      {
	        "name": "entity/arrow/shoot1",
	        "pitch": 1.1
	      },
	      {
	        "name": "entity/arrow/shoot2",
	        "pitch": 1.1
	      },
	      {
	        "name": "entity/arrow/shoot3",
	        "pitch": 1.1
	      }
	    ],
	    "subtitle": "subtitles.entity.skeleton.shoot"
	  },
	  "entity.arrow.hit": {
		"replace": true,
	        "sounds": [
	      {
	        "name": "entity/arrow/hit1",
	        "volume": 0.7
	      },
	      {
	        "name": "entity/arrow/hit2",
	        "volume": 0.7
	      },
	      {
	        "name": "entity/arrow/hit3",
	        "volume": 0.7
	      },
	      {
	        "name": "entity/arrow/hit4",
	        "volume": 0.7
	      }
	    ],
	    "subtitle": "subtitles.entity.arrow.shoot"
	  },
	  "entity.experience_orb.pickup": {
		"replace": true,
	        "sounds": [
	      {
	        "name": "entity/experience_orb/pickup",
	        "pitch": 1.0
	      },
	      {
	        "name": "entity/experience_orb/pickup",
	        "pitch": 0.85
	      },
	      {
	        "name": "entity/experience_orb/pickup",
	        "pitch": 0.9
	      },
	      {
	        "name": "entity/experience_orb/pickup",
	        "pitch": 1.1
	      },
	      {
	        "name": "entity/experience_orb/pickup",
	        "pitch": 1.15
	      }
	    ],
	    "subtitle": "subtitles.entity.experience_orb.pickup"
	  },
	  "entity.player.levelup": {
		"replace": true,
	        "sounds": [
	      {
	        "name": "entity/player/levelup",
	        "volume": 3.0
	      }
	    ],
	    "subtitle": "entity.player.levelup"
	  },
	  "entity.player.death": {
		"replace": true,
	        "sounds": [
	      {
	        "name": "entity/player/death",
	        "volume": 3.0
	      }
	    ],
	    "subtitle": "entity.player.death"
	  },
	  "item.armor.equip_iron": {
		"replace": true,
	        "sounds": [
	      {
	        "name": "item/armor/iron1",
	        "volume": 1.0
	      },
	      {
	        "name": "item/armor/iron2",
	        "volume": 1.0
	      }
	    ],
	    "subtitle": "item.armor.equip.chain"
	  },
	  "item.armor.equip_chain": {
		"replace": true,
	        "sounds": [
	      {
	        "name": "item/armor/chain1",
	        "volume": 1.0
	      },
	      {
	        "name": "item/armor/chain2",
	        "volume": 1.0
	      },
	      {
	        "name": "item/armor/chain3",
	        "volume": 1.0
	      }
	    ],
	    "subtitle": "item.armor.equip.chain"
	  },

	    ],
	    "subtitle": "item.armor.equip.iron"
	  },
	  "item.totem.use": {
		"replace": true,
	        "sounds": [
	      {
	        "name": "item/totem/use",
	        "volume": 4.0
	      }
	    ],
	    "subtitle": "item.totem.use"
	  },
	  "ui.button.click": {
		"replace": true,
	        "sounds": [
	      {
	        "name": "ui/button/click",
	        "volume": 2.0
	      }
	    ]
	  },
  "block.bell.use": {
		"replace": true,
    "sounds": [
      {
        "name": "block/bell/bell_use01",
        "pitch": 0.93,
        "volume": 12.0
      },
      {
        "name": "block/bell/bell_use01",
        "pitch": 0.95,
        "volume": 12.0
      },
      {
        "name": "block/bell/bell_use01",
        "pitch": 0.97,
        "volume": 12.0
      }
    ],
    "subtitle": "subtitles.block.bell.use"
  },
  "item.armor.equip_leather": {
		"replace": true,
    "sounds": [
      "item/armor/leather1",
      "item/armor/leather2",
      "item/armor/leather3"
    ],
    "subtitle": "subtitles.item.armor.equip_leather"
  }
}