{
	"credit": "Made with Blockbench",
	"textures": {
		"0": "item/firework_rocket",
		"particle": "item/firework_rocket"
	},
	"elements": [
		{
			"from": [7, 2, 6],
			"to": [9, 10, 7],
			"faces": {
				"north": {"uv": [7, 6, 9, 14], "texture": "#0"},
				"east": {"uv": [7, 6, 8, 14], "texture": "#0"},
				"south": {"uv": [8, 6, 10, 14], "texture": "#0"},
				"west": {"uv": [8, 6, 9, 14], "texture": "#0"},
				"up": {"uv": [13, 2, 15, 3], "texture": "#0"},
				"down": {"uv": [6, 11, 8, 12], "texture": "#0"}
			}
		},
		{
			"from": [7, 2, 7],
			"to": [9, 10, 9],
			"faces": {
				"north": {"uv": [7, 6, 9, 14], "texture": "#0"},
				"east": {"uv": [7, 6, 8, 14], "texture": "#0"},
				"south": {"uv": [8, 6, 10, 14], "texture": "#0"},
				"west": {"uv": [8, 6, 9, 14], "texture": "#0"},
				"up": {"uv": [13, 2, 15, 3], "texture": "#0"},
				"down": {"uv": [0, 4, 2, 6], "texture": "#0"}
			}
		},
		{
			"from": [7, 2, 9],
			"to": [9, 10, 10],
			"faces": {
				"north": {"uv": [7, 6, 9, 14], "texture": "#0"},
				"east": {"uv": [8, 6, 9, 14], "texture": "#0"},
				"south": {"uv": [7, 6, 9, 14], "texture": "#0"},
				"west": {"uv": [7, 6, 8, 14], "texture": "#0"},
				"up": {"uv": [13, 2, 15, 3], "texture": "#0"},
				"down": {"uv": [13, 2, 15, 3], "texture": "#0"}
			}
		},
		{
			"from": [9, 2, 7],
			"to": [10, 10, 9],
			"faces": {
				"north": {"uv": [6, 6, 7, 14], "texture": "#0"},
				"east": {"uv": [13, 2, 15, 10], "texture": "#0"},
				"south": {"uv": [13, 2, 14, 10], "texture": "#0"},
				"west": {"uv": [7, 6, 9, 14], "texture": "#0"},
				"up": {"uv": [8, 8, 9, 6], "texture": "#0"},
				"down": {"uv": [6, 13, 8, 14], "texture": "#0"}
			}
		},
		{
			"from": [6, 2, 7],
			"to": [7, 10, 9],
			"faces": {
				"north": {"uv": [13, 2, 14, 10], "texture": "#0"},
				"east": {"uv": [13, 2, 15, 10], "texture": "#0"},
				"south": {"uv": [6, 6, 7, 14], "texture": "#0"},
				"west": {"uv": [13, 2, 15, 10], "texture": "#0"},
				"up": {"uv": [8, 8, 9, 6], "texture": "#0"},
				"down": {"uv": [6, 12, 7, 14], "texture": "#0"}
			}
		},
		{
			"from": [6, 10, 5],
			"to": [10, 12, 11],
			"faces": {
				"north": {"uv": [6, 4, 10, 6], "texture": "#0"},
				"east": {"uv": [5, 4, 11, 6], "texture": "#0"},
				"south": {"uv": [6, 4, 10, 6], "texture": "#0"},
				"west": {"uv": [5, 4, 11, 6], "texture": "#0"},
				"up": {"uv": [1, 6, 5, 12], "texture": "#0"},
				"down": {"uv": [1, 6, 5, 12], "texture": "#0"}
			}
		},
		{
			"from": [5, 10, 6],
			"to": [11, 12, 10],
			"faces": {
				"north": {"uv": [5, 4, 11, 6], "texture": "#0"},
				"east": {"uv": [6, 4, 10, 6], "texture": "#0"},
				"south": {"uv": [5, 4, 11, 6], "texture": "#0"},
				"west": {"uv": [6, 4, 10, 6], "texture": "#0"},
				"up": {"uv": [0, 7, 6, 11], "texture": "#0"},
				"down": {"uv": [0, 7, 6, 11], "texture": "#0"}
			}
		},
		{
			"from": [6, 12, 6],
			"to": [10, 13, 10],
			"faces": {
				"north": {"uv": [6, 3, 10, 4], "texture": "#0"},
				"east": {"uv": [6, 3, 10, 4], "texture": "#0"},
				"south": {"uv": [6, 3, 10, 4], "texture": "#0"},
				"west": {"uv": [6, 3, 10, 4], "texture": "#0"},
				"up": {"uv": [1, 7, 5, 11], "texture": "#0"},
				"down": {"uv": [1, 7, 5, 11], "texture": "#0"}
			}
		},
		{
			"from": [7, 13, 7],
			"to": [9, 14, 9],
			"faces": {
				"north": {"uv": [7, 2, 9, 3], "texture": "#0"},
				"east": {"uv": [7, 2, 9, 3], "texture": "#0"},
				"south": {"uv": [7, 2, 9, 3], "texture": "#0"},
				"west": {"uv": [7, 2, 9, 3], "texture": "#0"},
				"up": {"uv": [7, 2, 9, 4], "texture": "#0"},
				"down": {"uv": [7, 2, 9, 4], "texture": "#0"}
			}
		},
		{
			"from": [7, 1, 8],
			"to": [8, 2, 9],
			"faces": {
				"north": {"uv": [8, 14, 9, 15], "texture": "#0"},
				"east": {"uv": [8, 14, 9, 15], "texture": "#0"},
				"south": {"uv": [8, 14, 9, 15], "texture": "#0"},
				"west": {"uv": [8, 14, 9, 15], "texture": "#0"},
				"up": {"uv": [8, 14, 9, 15], "texture": "#0"},
				"down": {"uv": [8, 14, 9, 15], "texture": "#0"}
			}
		},
		{
			"from": [5, 0, 8],
			"to": [7, 1, 9],
			"faces": {
				"north": {"uv": [9, 15, 11, 16], "texture": "#0"},
				"east": {"uv": [9, 15, 11, 16], "texture": "#0"},
				"south": {"uv": [9, 15, 11, 16], "texture": "#0"},
				"west": {"uv": [9, 15, 11, 16], "texture": "#0"},
				"up": {"uv": [9, 15, 11, 16], "texture": "#0"},
				"down": {"uv": [9, 15, 11, 16], "texture": "#0"}
			}
		},
		{
			"from": [4, 1, 8],
			"to": [5, 2, 9],
			"faces": {
				"north": {"uv": [11, 14, 12, 15], "texture": "#0"},
				"east": {"uv": [11, 14, 12, 15], "texture": "#0"},
				"south": {"uv": [11, 14, 12, 15], "texture": "#0"},
				"west": {"uv": [11, 14, 12, 15], "texture": "#0"},
				"up": {"uv": [11, 14, 12, 15], "texture": "#0"},
				"down": {"uv": [11, 14, 12, 15], "texture": "#0"}
			}
		},
		{
			"from": [1, 2, 8],
			"to": [4, 3, 9],
			"faces": {
				"north": {"uv": [12, 13, 15, 14], "texture": "#0"},
				"east": {"uv": [12, 13, 15, 14], "texture": "#0"},
				"south": {"uv": [12, 13, 15, 14], "texture": "#0"},
				"west": {"uv": [12, 13, 15, 14], "texture": "#0"},
				"up": {"uv": [12, 13, 15, 14], "texture": "#0"},
				"down": {"uv": [12, 13, 15, 14], "texture": "#0"}
			}
		}
	],
	"display": {
		"thirdperson_righthand": {
			"rotation": [0, 90, 0],
			"translation": [0, 1.25, 2],
			"scale": [0.55, 0.55, 0.55]
		},
		"thirdperson_lefthand": {
			"rotation": [0, -90, 0],
			"translation": [0, 1.25, 2],
			"scale": [0.55, 0.55, 0.55]
		},
		"firstperson_righthand": {
			"rotation": [0, -90, 25],
			"translation": [1.13, 3.2, 1.13],
			"scale": [0.68, 0.68, 0.68]
		},
		"firstperson_lefthand": {
			"rotation": [0, -90, 25],
			"translation": [1.13, 3.2, 1.13],
			"scale": [0.68, 0.68, 0.68]
		},
		"ground": {
			"translation": [0, 2, 0],
			"scale": [0.5, 0.5, 0.5]
		},
		"gui": {
			"rotation": [32, -129, -6],
			"translation": [0, 0.25, 0]
		},
		"head": {
			"rotation": [0, 180, 0],
			"translation": [0, 14.25, 0.25]
		},
		"fixed": {
			"rotation": [0, 180, 0]
		}
	}
}