{"loadingScreen":true,"bedrockIfyButton":false,"showPositionHUD":true,"FPSHUD":0,"heldItemTooltip":2,"showPaperDoll":false,"showChunkMap":true,"reacharound":false,"reacharoundSneaking":true,"reacharoundIndicator":true,"reacharoundMultiplayer":true,"positionHUDHeight":50,"screenSafeArea":0,"overlayIgnoresSafeArea":false,"cubeMapBackground":true,"bedrockChat":true,"slotHighlight":true,"highLightColor1":-1,"highLightColor2":-9590208,"idleAnimation":1.0,"reacharoundBlockDistance":0.5,"reacharoundPitchAngle":25,"savingOverlay":true,"eatingAnimations":true,"expTextStyle":true,"quickArmorSwap":true,"transparentHotBar":true,"biggerIcons":true,"sneakingShield":true,"bedrockShading":true,"disableFlyingMomentum":false,"elytraStop":true,"panoramaIgnoredScreens":[".modmenu.gui.ModsScreen",".iris.gui.",".modmanager.gui.","yacl.gui.YACLScreen"]}