{
	"credit": "Made with Blockbench",
	"textures": {
		"0": "block/end_portal_frame_side",
		"1": "block/end_portal_frame_top",
		"2": "block/end_portal_frame_top2",
		"3": "block/end_stone",
		"4": "item/ender_eye",
		"particle": "block/end_portal_frame_side"
	},
	"elements": [
		{
			"from": [0, 0, 0],
			"to": [16, 16, 16],
			"faces": {
				"north": {"uv": [0, 0, 16, 16], "texture": "#0"},
				"east": {"uv": [0, 0, 16, 16], "texture": "#0"},
				"south": {"uv": [0, 0, 16, 16], "texture": "#0"},
				"west": {"uv": [0, 0, 16, 16], "texture": "#0"},
				"up": {"uv": [0, 0, 16, 16], "texture": "#1"},
				"down": {"uv": [0, 0, 16, 16], "texture": "#3"}
			}
		},
		{
			"from": [3.5, 16, 3.5],
			"to": [4.19, 17, 6.96],
			"faces": {
				"north": {"uv": [9.1, 7.4, 9.79, 7.4], "texture": "#2"},
				"east": {"uv": [4.1, 4.4, 7.56, 4.4], "texture": "#2"},
				"south": {"uv": [4.1, 4.4, 4.79, 4.4], "texture": "#2"},
				"west": {"uv": [9, 7, 13.96, 8], "texture": "#2"},
				"up": {"uv": [9, 8, 9.94, 3.04], "texture": "#2"},
				"down": {"uv": [4.1, 4.4, 4.79, 6.86], "texture": "#2"}
			}
		},
		{
			"from": [4.19, 16, 3.5],
			"to": [4.885, 17, 5.577],
			"faces": {
				"north": {"uv": [4.1, 4.1, 4.795, 4.1], "texture": "#2"},
				"east": {"uv": [4.1, 4.1, 6.177, 4.1], "texture": "#2"},
				"south": {"uv": [4.1, 4.1, 4.795, 4.1], "texture": "#2"},
				"west": {"uv": [4.1, 4.1, 6.177, 4.1], "texture": "#2"},
				"up": {"uv": [4, 4.7, 4.695, 4.777], "texture": "#2"},
				"down": {"uv": [4.1, 4.1, 4.795, 5.177], "texture": "#2"}
			}
		},
		{
			"from": [4.885, 16, 3.5],
			"to": [5.577, 17, 4.885],
			"faces": {
				"north": {"uv": [4.1, 4.4, 4.792, 4.4], "texture": "#2"},
				"east": {"uv": [4.1, 4.4, 5.485, 4.4], "texture": "#2"},
				"south": {"uv": [4.1, 4.4, 4.792, 4.4], "texture": "#2"},
				"west": {"uv": [4.1, 4.4, 5.485, 4.4], "texture": "#2"},
				"up": {"uv": [4, 5, 4.692, 4.385], "texture": "#2"},
				"down": {"uv": [4.1, 4.4, 4.792, 4.785], "texture": "#2"}
			}
		},
		{
			"from": [5.575, 16, 3.5],
			"to": [6.961, 17, 4.192],
			"faces": {
				"north": {"uv": [4.1, 4.4, 5.486, 4.4], "texture": "#2"},
				"east": {"uv": [4.1, 4.4, 4.792, 4.4], "texture": "#2"},
				"south": {"uv": [4.1, 4.4, 5.486, 4.4], "texture": "#2"},
				"west": {"uv": [4.1, 4.4, 4.792, 4.4], "texture": "#2"},
				"up": {"uv": [4, 4, 5.386, 4.692], "texture": "#2"},
				"down": {"uv": [4.1, 4.4, 5.486, 4.092], "texture": "#2"}
			}
		},
		{
			"from": [9.04, 16, 3.5],
			"to": [12.5, 17, 4.19],
			"faces": {
				"north": {"uv": [9, 7, 13.96, 7.9], "texture": "#2"},
				"east": {"uv": [9, 7.9, 9.89, 7], "texture": "#2"},
				"south": {"uv": [4.1, 4.4, 7.56, 4.4], "texture": "#2"},
				"west": {"uv": [4.1, 4.4, 4.79, 4.4], "texture": "#2"},
				"up": {"uv": [9, 7, 9.94, 11.96], "rotation": 90, "texture": "#2"},
				"down": {"uv": [4.1, 4.4, 4.79, 6.86], "rotation": 270, "texture": "#2"}
			}
		},
		{
			"from": [10.423, 16, 4.19],
			"to": [12.5, 17, 4.885],
			"faces": {
				"north": {"uv": [4.1, 4.4, 6.177, 4.4], "texture": "#2"},
				"east": {"uv": [4.1, 4.4, 4.795, 4.4], "texture": "#2"},
				"south": {"uv": [4.1, 4.4, 6.177, 4.4], "texture": "#2"},
				"west": {"uv": [4.1, 4.4, 4.795, 4.4], "texture": "#2"},
				"up": {"uv": [4, 5, 4.695, 5.077], "rotation": 90, "texture": "#2"},
				"down": {"uv": [4.1, 4.4, 4.795, 5.477], "rotation": 270, "texture": "#2"}
			}
		},
		{
			"from": [11.115, 16, 4.885],
			"to": [12.5, 17, 5.577],
			"faces": {
				"north": {"uv": [4.1, 4.4, 5.485, 4.4], "texture": "#2"},
				"east": {"uv": [4.1, 4.4, 4.792, 4.4], "texture": "#2"},
				"south": {"uv": [4.1, 4.4, 5.485, 4.4], "texture": "#2"},
				"west": {"uv": [4.1, 4.4, 4.792, 4.4], "texture": "#2"},
				"up": {"uv": [4, 5, 4.692, 4.385], "rotation": 90, "texture": "#2"},
				"down": {"uv": [4.1, 4.4, 4.792, 4.785], "rotation": 270, "texture": "#2"}
			}
		},
		{
			"from": [11.808, 16, 5.575],
			"to": [12.5, 17, 6.961],
			"faces": {
				"north": {"uv": [4.1, 4.4, 4.792, 4.4], "texture": "#2"},
				"east": {"uv": [4.1, 4.4, 5.486, 4.4], "texture": "#2"},
				"south": {"uv": [4.1, 4.4, 4.792, 4.4], "texture": "#2"},
				"west": {"uv": [4.1, 4.4, 5.486, 4.4], "texture": "#2"},
				"up": {"uv": [6, 4, 7.386, 4.692], "rotation": 90, "texture": "#2"},
				"down": {"uv": [4.1, 4.4, 5.486, 4.092], "rotation": 270, "texture": "#2"}
			}
		},
		{
			"from": [11.81, 16, 9.04],
			"to": [12.5, 17, 12.5],
			"faces": {
				"north": {"uv": [4.1, 4.4, 4.79, 4.4], "texture": "#2"},
				"east": {"uv": [9, 7, 13.46, 8], "texture": "#2"},
				"south": {"uv": [9.1, 7.4, 9.79, 7.4], "texture": "#2"},
				"west": {"uv": [4.1, 4.4, 7.56, 4.4], "texture": "#2"},
				"up": {"uv": [9, 8, 9.99, 3.56], "rotation": 180, "texture": "#2"},
				"down": {"uv": [4.1, 4.4, 4.79, 6.86], "rotation": 180, "texture": "#2"}
			}
		},
		{
			"from": [11.115, 16, 10.423],
			"to": [11.81, 17, 12.5],
			"faces": {
				"north": {"uv": [4.1, 4.4, 4.795, 4.4], "texture": "#2"},
				"east": {"uv": [4.1, 4.4, 6.177, 4.4], "texture": "#2"},
				"south": {"uv": [4.1, 4.4, 4.795, 4.4], "texture": "#2"},
				"west": {"uv": [4.1, 4.4, 6.177, 4.4], "texture": "#2"},
				"up": {"uv": [4, 5, 4.695, 5.077], "rotation": 180, "texture": "#2"},
				"down": {"uv": [4.1, 4.4, 4.795, 5.477], "rotation": 180, "texture": "#2"}
			}
		},
		{
			"from": [10.423, 16, 11.115],
			"to": [11.115, 17, 12.5],
			"faces": {
				"north": {"uv": [4.1, 4.4, 4.792, 4.4], "texture": "#2"},
				"east": {"uv": [4.1, 4.4, 5.485, 4.4], "texture": "#2"},
				"south": {"uv": [4.1, 4.4, 4.792, 4.4], "texture": "#2"},
				"west": {"uv": [4.1, 4.4, 5.485, 4.4], "texture": "#2"},
				"up": {"uv": [4, 5, 4.692, 4.385], "rotation": 180, "texture": "#2"},
				"down": {"uv": [4.1, 4.4, 4.792, 4.785], "rotation": 180, "texture": "#2"}
			}
		},
		{
			"from": [9.039, 16, 11.808],
			"to": [10.425, 17, 12.5],
			"faces": {
				"north": {"uv": [4.1, 4.4, 5.486, 4.4], "texture": "#2"},
				"east": {"uv": [4.1, 4.4, 4.792, 4.4], "texture": "#2"},
				"south": {"uv": [4.1, 4.4, 5.486, 4.4], "texture": "#2"},
				"west": {"uv": [4.1, 4.4, 4.792, 4.4], "texture": "#2"},
				"up": {"uv": [4, 4, 5.386, 4.692], "rotation": 180, "texture": "#2"},
				"down": {"uv": [4.1, 4.4, 5.486, 4.092], "rotation": 180, "texture": "#2"}
			}
		},
		{
			"from": [3.5, 16, 11.81],
			"to": [6.96, 17, 12.5],
			"faces": {
				"north": {"uv": [4.1, 4.4, 7.56, 4.4], "texture": "#2"},
				"east": {"uv": [4.1, 4.4, 4.79, 4.4], "texture": "#2"},
				"south": {"uv": [9, 7, 13.96, 8], "texture": "#2"},
				"west": {"uv": [9, 7.1, 9.99, 8], "texture": "#2"},
				"up": {"uv": [9, 8, 9.94, 3.04], "rotation": 270, "texture": "#2"},
				"down": {"uv": [4.1, 4.4, 4.79, 6.86], "rotation": 90, "texture": "#2"}
			}
		},
		{
			"from": [3.5, 16, 11.115],
			"to": [5.577, 17, 11.81],
			"faces": {
				"north": {"uv": [4.1, 4.4, 6.177, 4.4], "texture": "#2"},
				"east": {"uv": [4.1, 4.4, 4.795, 4.4], "texture": "#2"},
				"south": {"uv": [4.1, 4.4, 6.177, 4.4], "texture": "#2"},
				"west": {"uv": [4.1, 4.4, 4.795, 4.4], "texture": "#2"},
				"up": {"uv": [4, 5, 4.695, 5.077], "rotation": 270, "texture": "#2"},
				"down": {"uv": [4.1, 4.4, 4.795, 5.477], "rotation": 90, "texture": "#2"}
			}
		},
		{
			"from": [3.5, 16, 10.423],
			"to": [4.885, 17, 11.115],
			"faces": {
				"north": {"uv": [4.1, 4.4, 5.485, 4.4], "texture": "#2"},
				"east": {"uv": [4.1, 4.4, 4.792, 4.4], "texture": "#2"},
				"south": {"uv": [4.1, 4.4, 5.485, 4.4], "texture": "#2"},
				"west": {"uv": [4.1, 4.4, 4.792, 4.4], "texture": "#2"},
				"up": {"uv": [4, 5, 4.692, 4.385], "rotation": 270, "texture": "#2"},
				"down": {"uv": [4.1, 4.4, 4.792, 4.785], "rotation": 90, "texture": "#2"}
			}
		},
		{
			"from": [3.5, 16, 9.039],
			"to": [4.192, 17, 10.425],
			"faces": {
				"north": {"uv": [4.1, 4.4, 4.792, 4.4], "texture": "#2"},
				"east": {"uv": [4.1, 4.4, 5.486, 4.4], "texture": "#2"},
				"south": {"uv": [4.1, 4.4, 4.792, 4.4], "texture": "#2"},
				"west": {"uv": [4.1, 4.4, 5.486, 4.4], "texture": "#2"},
				"up": {"uv": [4, 4, 5.386, 4.692], "rotation": 270, "texture": "#2"},
				"down": {"uv": [4.1, 4.4, 5.486, 4.092], "rotation": 90, "texture": "#2"}
			}
		},
		{
			"from": [3.5, 16.99, 3.5],
			"to": [12.5, 16.99, 12.5],
			"faces": {
				"north": {"uv": [0, 0, 9, 0], "texture": "#4"},
				"east": {"uv": [0, 0, 9, 0], "texture": "#4"},
				"south": {"uv": [0, 0, 9, 0], "texture": "#4"},
				"west": {"uv": [0, 0, 9, 0], "texture": "#4"},
				"up": {"uv": [2, 2, 15, 15], "texture": "#4"},
				"down": {"uv": [2, 2, 15, 15], "texture": "#4"}
			}
		},
		{
			"from": [6.96, 15.99, 3.5],
			"to": [9.04, 16.99, 3.5],
			"rotation": {"angle": 0, "axis": "y", "origin": [-0.32, 0, 0]},
			"faces": {
				"north": {"uv": [7, 2, 10, 3], "rotation": 180, "texture": "#4"},
				"east": {"uv": [7, 1, 15, 2], "texture": "#4"},
				"south": {"uv": [7, 14, 10, 15], "texture": "#4"},
				"west": {"uv": [0, 0, 8, 1], "texture": "#4"},
				"up": {"uv": [0, 2, 2, 3], "texture": "#4"},
				"down": {"uv": [7, 2, 8, 10], "texture": "#4"}
			}
		},
		{
			"from": [6.96, 15.99, 12.5],
			"to": [9.04, 16.99, 12.5],
			"rotation": {"angle": 0, "axis": "y", "origin": [-0.32, 0, 0]},
			"faces": {
				"north": {"uv": [7, 2, 10, 3], "rotation": 180, "texture": "#4"},
				"east": {"uv": [7, 1, 15, 2], "texture": "#4"},
				"south": {"uv": [7, 14, 10, 15], "texture": "#4"},
				"west": {"uv": [0, 0, 8, 1], "texture": "#4"},
				"up": {"uv": [0, 2, 2, 3], "texture": "#4"},
				"down": {"uv": [7, 2, 8, 10], "texture": "#4"}
			}
		},
		{
			"from": [12.5, 15.99, 6.96],
			"to": [12.5, 16.99, 9.04],
			"rotation": {"angle": 0, "axis": "y", "origin": [0, 0, -0.32]},
			"faces": {
				"north": {"uv": [0, 0, 8, 1], "texture": "#4"},
				"east": {"uv": [14, 7, 15, 10], "texture": "#4"},
				"south": {"uv": [0, 0, 8, 1], "texture": "#4"},
				"west": {"uv": [2, 7, 3, 10], "texture": "#4"},
				"up": {"uv": [0, 0, 8, 2], "texture": "#4"},
				"down": {"uv": [7, 2, 10, 4], "texture": "#4"}
			}
		},
		{
			"from": [3.5, 15.99, 6.96],
			"to": [3.5, 16.99, 9.04],
			"rotation": {"angle": 0, "axis": "y", "origin": [0, 0, -0.32]},
			"faces": {
				"north": {"uv": [0, 0, 8, 1], "texture": "#4"},
				"east": {"uv": [14, 7, 15, 10], "texture": "#4"},
				"south": {"uv": [0, 0, 8, 1], "texture": "#4"},
				"west": {"uv": [2, 7, 3, 10], "texture": "#4"},
				"up": {"uv": [0, 0, 8, 2], "texture": "#4"},
				"down": {"uv": [7, 2, 10, 4], "texture": "#4"}
			}
		}
	],
	"groups": [
		{
			"name": "Frame",
			"origin": [8, 8, 8],
			"color": 0,
			"children": [0]
		},
		{
			"name": "Frame2",
			"origin": [8, 8, 8],
			"color": 0,
			"children": [1, 2, 3, 4, 5, 6, 7, 8, 9, 10, 11, 12, 13, 14, 15, 16]
		},
		{
			"name": "eye",
			"origin": [0, 0, 0],
			"color": 0,
			"children": [17, 18, 19, 20, 21]
		}
	]
}