{
	"credit": "Made with Blockbench",
	"ambientocclusion": false,
	"texture_size": [16, 7],
	"textures": {
		"0": "block/red_mushroom",
		"1": "block/dirt",
		"2": "block/flower_pot",
		"particle": "block/flower_pot"
	},
	"elements": [
		{
			"from": [5, 0, 5],
			"to": [6, 6, 11],
			"faces": {
				"north": {"uv": [10, 10, 11, 16], "texture": "#2"},
				"east": {"uv": [5, 10, 11, 16], "texture": "#2"},
				"south": {"uv": [5, 10, 6, 16], "texture": "#2"},
				"west": {"uv": [5, 10, 11, 16], "texture": "#2"},
				"up": {"uv": [5, 5, 6, 11], "texture": "#2"},
				"down": {"uv": [5, 5, 6, 11], "texture": "#2", "cullface": "down"}
			}
		},
		{
			"from": [10, 0, 5],
			"to": [11, 6, 11],
			"faces": {
				"north": {"uv": [5, 10, 6, 16], "texture": "#2"},
				"east": {"uv": [5, 10, 11, 16], "texture": "#2"},
				"south": {"uv": [10, 10, 11, 16], "texture": "#2"},
				"west": {"uv": [5, 10, 11, 16], "texture": "#2"},
				"up": {"uv": [10, 5, 11, 11], "texture": "#2"},
				"down": {"uv": [10, 5, 11, 11], "texture": "#2", "cullface": "down"}
			}
		},
		{
			"from": [6, 0, 5],
			"to": [10, 6, 6],
			"faces": {
				"north": {"uv": [6, 10, 10, 16], "texture": "#2"},
				"east": {"uv": [0, 0, 0, 0], "texture": "#2"},
				"south": {"uv": [6, 10, 10, 16], "texture": "#2"},
				"west": {"uv": [0, 0, 0, 0], "texture": "#2"},
				"up": {"uv": [6, 5, 10, 6], "texture": "#2"},
				"down": {"uv": [6, 10, 10, 11], "texture": "#2", "cullface": "down"}
			}
		},
		{
			"from": [6, 0, 10],
			"to": [10, 6, 11],
			"faces": {
				"north": {"uv": [6, 10, 10, 16], "texture": "#2"},
				"east": {"uv": [0, 0, 0, 0], "texture": "#2"},
				"south": {"uv": [6, 10, 10, 16], "texture": "#2"},
				"west": {"uv": [0, 0, 0, 0], "texture": "#2"},
				"up": {"uv": [6, 10, 10, 11], "texture": "#2"},
				"down": {"uv": [6, 5, 10, 6], "texture": "#2", "cullface": "down"}
			}
		},
		{
			"from": [6, 0, 6],
			"to": [10, 4, 10],
			"faces": {
				"north": {"uv": [0, 0, 0, 0], "texture": "#1"},
				"east": {"uv": [0, 0, 0, 0], "texture": "#1"},
				"south": {"uv": [0, 0, 0, 0], "texture": "#1"},
				"west": {"uv": [0, 0, 0, 0], "texture": "#1"},
				"up": {"uv": [6, 6, 10, 10], "texture": "#1"},
				"down": {"uv": [6, 12, 10, 16], "texture": "#1", "cullface": "down"}
			}
		},
		{
			"from": [5.5, 7, 5.5],
			"to": [10.5, 11, 10.5],
			"faces": {
				"north": {"uv": [4, 9.14286, 8, 16], "texture": "#0"},
				"east": {"uv": [0, 9.14286, 4, 16], "texture": "#0"},
				"south": {"uv": [12, 9.14286, 16, 16], "texture": "#0"},
				"west": {"uv": [8, 9.14286, 12, 16], "texture": "#0"},
				"up": {"uv": [4, 0, 8, 9.14286], "texture": "#0"},
				"down": {"uv": [8, 0, 12, 9.14286], "texture": "#0"}
			}
		},
		{
			"from": [6.5, 4, 6.5],
			"to": [9.5, 9, 9.5],
			"faces": {
				"north": {"uv": [0, 0, 2, 6.85714], "texture": "#0"},
				"east": {"uv": [0, 0, 2, 6.85714], "texture": "#0"},
				"south": {"uv": [0, 0, 2, 6.85714], "texture": "#0"},
				"west": {"uv": [0, 0, 2, 6.85714], "texture": "#0"},
				"up": {"uv": [0, 0, 2, 4.57143], "texture": "#0"},
				"down": {"uv": [0, 4.57143, 2, 6.85714], "texture": "#0"}
			}
		}
	]
}