{
	"credit": "Made with Blockbench",
	"texture_size": [16, 7],
	"textures": {
		"1": "block/red_mushroom",
		"particle": "block/red_mushroom"
	},
	"elements": [
		{
			"from": [6, 2, 6],
			"to": [10, 5, 10],
			"faces": {
				"north": {"uv": [4, 9.14286, 8, 16], "texture": "#1"},
				"east": {"uv": [0, 9.14286, 4, 16], "texture": "#1"},
				"south": {"uv": [12, 9.14286, 16, 16], "texture": "#1"},
				"west": {"uv": [8, 9.14286, 12, 16], "texture": "#1"},
				"up": {"uv": [4, 0, 8, 9.14286], "texture": "#1"},
				"down": {"uv": [8, 0, 12, 9.14286], "texture": "#1"}
			}
		},
		{
			"from": [7, 0, 7],
			"to": [9, 3, 9],
			"faces": {
				"north": {"uv": [0, 0, 2, 6.85714], "texture": "#1"},
				"east": {"uv": [0, 0, 2, 6.85714], "texture": "#1"},
				"south": {"uv": [0, 0, 2, 6.85714], "texture": "#1"},
				"west": {"uv": [0, 0, 2, 6.85714], "texture": "#1"},
				"up": {"uv": [0, 0, 2, 4.57143], "texture": "#1"},
				"down": {"uv": [0, 4.57143, 2, 6.85714], "texture": "#1"}
			}
		}
	],
	"display": {
		"thirdperson_righthand": {
			"translation": [0, 4.25, 1],
			"scale": [0.55, 0.55, 0.55]
		},
		"thirdperson_lefthand": {
			"translation": [0, 4.25, 1],
			"scale": [0.55, 0.55, 0.55]
		},
		"firstperson_righthand": {
			"rotation": [0, -90, 25],
			"translation": [1.13, 6.95, 1.13],
			"scale": [0.68, 0.68, 0.68]
		},
		"firstperson_lefthand": {
			"rotation": [0, -90, 25],
			"translation": [1.13, 6.95, 1.13],
			"scale": [0.68, 0.68, 0.68]
		},
		"ground": {
			"translation": [0, 3, 0],
			"scale": [0.83, 0.83, 0.83]
		},
		"gui": {
			"rotation": [30, 225, 0],
			"translation": [0, 7, 0],
			"scale": [1.59, 1.59, 1.59]
		},
		"head": {
			"rotation": [0, 180, 0],
			"translation": [0, 14.25, 0]
		},
		"fixed": {
			"rotation": [0, 180, 0]
		}
	}
}