{
	"__comment": "Designed by Pavel Durov with Cubik Studio - https://cubik.studio",
	"parent": "block/block",
	"textures": {
		"particle": "block/spawner",
		"texture": "block/spawner"
	},
	"elements": [
		{
			"from": [ 0, 0, 0 ],
			"to": [ 16, 16, 16 ],
			"faces": {
				"down": { "uv": [ 6, 0, 12, 6 ], "texture": "#texture", "cullface": "down" },
				"up": { "uv": [ 0, 0, 6, 6 ], "texture": "#texture", "cullface": "up" },
				"north": { "uv": [ 0, 6, 6, 12 ], "texture": "#texture", "cullface": "north" },
				"south": { "uv": [ 0, 6, 6, 12 ], "texture": "#texture", "cullface": "south" },
				"west": { "uv": [ 0, 6, 6, 12 ], "texture": "#texture", "cullface": "west" },
				"east": { "uv": [ 0, 6, 6, 12 ], "texture": "#texture", "cullface": "east" }
			}
		}
	]
}