{
	"credit": "Made with Blockbench",
	"parent": "minecraft:block/cross",
	"textures": {
		"outside": "block/warped_fungus",
		"inside": "block/fungus_block_inside",
		"particle": "block/warped_fungus"
	},
	"elements": [
		{
			"from": [4, 5, 4],
			"to": [12, 9, 12],
			"faces": {
				"north": {"uv": [4, 7, 12, 11], "texture": "#outside"},
				"east": {"uv": [4, 7, 12, 11], "texture": "#outside"},
				"south": {"uv": [4, 7, 12, 11], "texture": "#outside"},
				"west": {"uv": [4, 7, 12, 11], "texture": "#outside"},
				"up": {"uv": [4, 3, 12, 11], "texture": "#outside"},
				"down": {"uv": [4, 4, 12, 12], "texture": "#inside"}
			}
		},
		{
			"from": [7, 0, 7],
			"to": [9, 5, 9],
			"faces": {
				"north": {"uv": [7, 11, 9, 16], "texture": "#outside"},
				"east": {"uv": [7, 11, 9, 16], "texture": "#outside"},
				"south": {"uv": [7, 11, 9, 16], "texture": "#outside"},
				"west": {"uv": [7, 11, 9, 16], "texture": "#outside"},
				"up": {"uv": [7, 7, 9, 9], "texture": "#inside"},
				"down": {"uv": [7, 7, 9, 9], "texture": "#inside"}
			}
		}
	],
	"display": {
		"thirdperson_righthand": {
			"translation": [0, 4.25, 1],
			"scale": [0.55, 0.55, 0.55]
		},
		"thirdperson_lefthand": {
			"translation": [0, 4.25, 1],
			"scale": [0.55, 0.55, 0.55]
		},
		"firstperson_righthand": {
			"rotation": [0, -90, 25],
			"translation": [1.13, 6.95, 1.13],
			"scale": [0.68, 0.68, 0.68]
		},
		"firstperson_lefthand": {
			"rotation": [0, -90, 25],
			"translation": [1.13, 6.95, 1.13],
			"scale": [0.68, 0.68, 0.68]
		},
		"ground": {
			"translation": [0, 2, 0],
			"scale": [0.5, 0.5, 0.5]
		},
		"gui": {
			"rotation": [30, 225, 0],
			"translation": [0, 1.75, 0],
			"scale": [1.01, 1.01, 1.01]
		},
		"head": {
			"rotation": [0, 180, 0],
			"translation": [0, 14.25, 0]
		},
		"fixed": {
			"rotation": [0, 180, 0]
		}
	}
}